,file,filesize,SIMPLE,BITPIX,NAXIS,NAXIS1,NAXIS2,FITS-TLM,IMAGETYP,EXPOSURE,EXPTIME,DATE-LOC,DATE-OBS,XBINNING,YBINNING,EGAIN,XPIXSZ,YPIXSZ,INSTRUME,SET-TEMP,CCD-TEMP,TELESCOP,FOCALLEN,FOCRATIO,RA,DEC,CENTALT,CENTAZ,AIRMASS,PIERSIDE,SITEELEV,SITELAT,SITELONG,FWHEEL,FILTER,OBJECT,OBJCTRA,OBJCTDEC,OBJCTROT,FOCNAME,FOCPOS,FOCUSPOS,FOCTEMP,FOCUSTEM,ROWORDER,SWCREATE,CCDNAME,OPTIC,APATURE,PIXSCALE,FLIPSTAT,HFD,STARS,PLTSOLVD,DATE,_ROTA1,_ROTA2,FLATFRM,PROCESS,BUNIT,_RPIX1,_RPIX2,PC1_1,PC1_2,PC2_1,PC2_2,_DELT1,_DELT2,_UNIT1,_TYPE1,_TYPE2,_RVAL1,_RVAL2,MJDREF,MJD-OBS,RADESYS,_QUINOX,WCSAXES,CTYPE1,CTYPE2,EQUINOX,LONPOLE,LATPOLE,CRVAL1,CRVAL2,CRPIX1,CRPIX2,CUNIT1,CUNIT2,CD1_1,CD1_2,CD2_1,CD2_2,IMAGEW,IMAGEH,A_ORDER,A_0_0,A_0_1,A_0_2,A_1_0,A_1_1,A_2_0,B_ORDER,B_0_0,B_0_1,B_0_2,B_1_0,B_1_1,B_2_0,AP_ORDER,AP_0_0,AP_0_1,AP_0_2,AP_1_0,AP_1_1,AP_2_0,BP_ORDER,BP_0_0,BP_0_1,BP_0_2,BP_1_0,BP_1_1,BP_2_0,_ATE,offset_RA(arcmin),offset_DEC(arcmin),offset_AZ(arcmin),offset_ALT(arcmin)
0,/mnt/Rdata/OBS_data/asteroid/RiLA600_STX-16803_-_1bin/120LACHESIS_LIGHT_-_2023-10-10_-_RiLA600_STX-16803_-_1bin/reduced2/120LACHESIS_LIGHT_R_2023-10-10-17-21-48_60sec_RiLA600_STX-16803_-20c_1bin.fits,67406400,True,-32,2,4096,4096,2023-11-08T13:21:24,LIGHT,60.0,60.0,2023-10-11T02:21:48.335,2023-10-10T17:21:48.335,1,1,0.0,9.0,9.0,SBIG STX-16803 3 CCD,-20.0,-20.03125,RiLA600,3000,5.0,29.3858190071495,15.0251579997355,63.3964177075291,219.53504547726,1.11806075210114,East,0.0,37.308889,127.002,SBIG STX-16803 3 CCD,R,120LACHESIS,01 57 32,+15 00 35,0.0,NanoFocus,437326,437326,20.33,20.33,TOP-DOWN,N.I.N.A. 2.0.2.2017,STX-16803,RiLA600,600,0.618795,,5.893237850486,178.0,True,2023-10-13T22:59:19,-86.49269463614,-86.49537165952,/mnt/Rdata/OBS_data/asteroid/RiLA600_STX-16803_-_1bin/120LACHESIS_LIGHT_-_2023-10-10_-_RiLA600_STX-16803_-_1bin/master_files_ys/nightskyflat-R.fits,F,adu,2048.5,2048.5,1.054476083897e-05,0.0001720527284943,-0.0001720453170006,1.053714612131e-05,1.0,1.0,deg,RA---TAN-SIP,DEC--TAN-SIP,29.48388229187,15.11429396688,0.0,60227.7234761,FK5,2000.0,2,RA---TAN-SIP,DEC--TAN-SIP,2000.0,180.0,0.0,29.3127395373,15.1153885039,1984.43109131,1093.57362938,deg,deg,1.06979546132e-05,0.00017185279641,-0.000172015397459,1.07343057627e-05,4096,4096,2,0,0,2.44339874704e-07,0,-6.34048752858e-08,-8.33350551835e-08,2,0,0,5.38344053516e-07,0,-1.94148305226e-07,-3.17577146955e-07,2,-0.000238049609617,-1.81506944916e-07,-2.43642345786e-07,9.63773759685e-09,6.30731503856e-08,8.32203754424e-08,2,-0.000550855039178,-3.40427310617e-07,-5.36851020304e-07,6.99758104991e-08,1.93247232828e-07,3.17362551787e-07,2023-11-09T07:04:58,5.8735329632525435,5.350389631683861,-60.414495717730006,-2.382690673638592
1,/mnt/Rdata/OBS_data/asteroid/RiLA600_STX-16803_-_1bin/120LACHESIS_LIGHT_-_2023-10-10_-_RiLA600_STX-16803_-_1bin/reduced2/120LACHESIS_LIGHT_R_2023-10-10-17-22-59_90sec_RiLA600_STX-16803_-20c_1bin.fits,67406400,True,-32,2,4096,4096,2023-11-08T13:21:25,LIGHT,90.0,90.0,2023-10-11T02:22:59.986,2023-10-10T17:22:59.986,1,1,0.0,9.0,9.0,SBIG STX-16803 3 CCD,-20.0,-20.0,RiLA600,3000,5.0,29.3854441292266,15.0251875553318,63.1814893256968,220.297522731902,1.12016829989044,East,0.0,37.308889,127.002,SBIG STX-16803 3 CCD,R,120LACHESIS,01 57 32,+15 00 35,0.0,NanoFocus,437326,437326,20.6,20.6,TOP-DOWN,N.I.N.A. 2.0.2.2017,STX-16803,RiLA600,600,0.618795,,6.113116907496,193.0,True,2023-10-13T22:59:32,-86.49337616806,-86.49509605505,/mnt/Rdata/OBS_data/asteroid/RiLA600_STX-16803_-_1bin/120LACHESIS_LIGHT_-_2023-10-10_-_RiLA600_STX-16803_-_1bin/master_files_ys/nightskyflat-R.fits,F,adu,2048.5,2048.5,1.054223184778e-05,0.0001720516819202,-0.0001720375682979,1.053791273358e-05,1.0,1.0,deg,RA---TAN-SIP,DEC--TAN-SIP,29.48363319075,15.11440178413,0.0,60227.724305394,FK5,2000.0,2,RA---TAN-SIP,DEC--TAN-SIP,2000.0,180.0,0.0,29.2878658594,14.9299708745,3049.8024292,888.350891113,deg,deg,1.0671011979e-05,0.000171869797743,-0.000171982252387,1.06554652932e-05,4096,4096,2,0,0,-9.99771097008e-08,0,-1.16833748321e-07,-2.03516157555e-07,2,0,0,2.72697876837e-07,0,-1.73135835021e-07,-8.79415843579e-08,2,0.00016998436737,2.43914080717e-07,9.97710528282e-08,2.31563581112e-07,1.16747503767e-07,2.03362880847e-07,2,-0.000208882890853,-4.46191432571e-07,-2.72017253042e-07,5.57701452287e-08,1.72819659164e-07,8.78321859796e-08,2023-11-09T07:05:10,5.89962698376425,5.3535312160532555,-66.28783189876685,-0.32129474903499045
2,/mnt/Rdata/OBS_data/asteroid/RiLA600_STX-16803_-_1bin/120LACHESIS_LIGHT_-_2023-10-10_-_RiLA600_STX-16803_-_1bin/reduced2/120LACHESIS_LIGHT_R_2023-10-10-17-24-41_120sec_RiLA600_STX-16803_-20c_1bin.fits,67406400,True,-32,2,4096,4096,2023-11-08T13:21:26,LIGHT,120.0,120.0,2023-10-11T02:24:41.653,2023-10-10T17:24:41.653,1,1,0.0,9.0,9.0,SBIG STX-16803 3 CCD,-20.0,-20.03125,RiLA600,3000,5.0,29.3848144211397,15.0251768166349,62.8928595011119,221.287087355235,1.12303594162608,East,0.0,37.308889,127.002,SBIG STX-16803 3 CCD,R,120LACHESIS,01 57 32,+15 00 35,0.0,NanoFocus,437326,437326,20.89,20.89,TOP-DOWN,N.I.N.A. 2.0.2.2017,STX-16803,RiLA600,600,0.618795,,6.423373166373,203.0,True,2023-10-13T22:59:46,-86.50096585944,-86.49268155012,/mnt/Rdata/OBS_data/asteroid/RiLA600_STX-16803_-_1bin/120LACHESIS_LIGHT_-_2023-10-10_-_RiLA600_STX-16803_-_1bin/master_files_ys/nightskyflat-R.fits,F,adu,2048.5,2048.5,1.052011869563e-05,0.0001720609933784,-0.000172050017431,1.054576109894e-05,1.0,1.0,deg,RA---TAN-SIP,DEC--TAN-SIP,29.4833222238,15.11462663444,0.0,60227.725482095,FK5,2000.0,2,RA---TAN-SIP,DEC--TAN-SIP,2000.0,180.0,0.0,29.2878683308,14.9299808105,3051.25964355,890.078544617,deg,deg,1.06561399034e-05,0.000171843103578,-0.000171990951003,1.06623848515e-05,4096,4096,2,0,0,-5.91605629502e-08,0,-5.96654158452e-08,-1.2911777692e-07,2,0,0,3.42661138478e-07,0,-1.31463868459e-07,-7.12429633904e-08,2,0.000100812565031,1.01041537337e-07,5.90181927362e-08,8.10091415116e-08,5.96187090944e-08,1.29050235503e-07,2,-0.000345288458562,-6.02833482589e-07,-3.41700736657e-07,-4.13732065634e-08,1.31201091453e-07,7.11524993353e-08,2023-11-09T07:05:20,5.920884972570093,5.3694185218346036,-72.64733491381605,2.1622157877415304
3,/mnt/Rdata/OBS_data/asteroid/RiLA600_STX-16803_-_1bin/120LACHESIS_LIGHT_-_2023-10-10_-_RiLA600_STX-16803_-_1bin/reduced2/120LACHESIS_LIGHT_R_2023-10-10-17-26-53_180sec_RiLA600_STX-16803_-20c_1bin.fits,67406400,True,-32,2,4096,4096,2023-11-08T13:21:27,LIGHT,180.0,180.0,2023-10-11T02:26:53.362,2023-10-10T17:26:53.362,1,1,0.0,9.0,9.0,SBIG STX-16803 3 CCD,-20.0,-20.0,RiLA600,3000,5.0,29.3839598079957,15.0251658109345,62.4629768868323,222.694513321392,1.12738739542288,East,0.0,37.308889,127.002,SBIG STX-16803 3 CCD,R,120LACHESIS,01 57 32,+15 00 35,0.0,NanoFocus,437326,437326,21.32,21.32,TOP-DOWN,N.I.N.A. 2.0.2.2017,STX-16803,RiLA600,600,0.618795,,6.659278305784,207.0,True,2023-10-13T23:00:01,-86.50349933783,-86.49557154717,/mnt/Rdata/OBS_data/asteroid/RiLA600_STX-16803_-_1bin/120LACHESIS_LIGHT_-_2023-10-10_-_RiLA600_STX-16803_-_1bin/master_files_ys/nightskyflat-R.fits,F,adu,2048.5,2048.5,1.051188277661e-05,0.0001720506678715,-0.0001720401998379,1.053641743715e-05,1.0,1.0,deg,RA---TAN-SIP,DEC--TAN-SIP,29.48282114834,15.11492613032,0.0,60227.727006505,FK5,2000.0,2,RA---TAN-SIP,DEC--TAN-SIP,2000.0,180.0,0.0,29.2878745259,14.9299736278,3053.17248535,892.786071777,deg,deg,1.06486812256e-05,0.000171853050529,-0.000171986947035,1.06400910899e-05,4096,4096,2,0,0,-1.11898593636e-07,0,-1.25667714021e-07,-1.91323492888e-07,2,0,0,3.083480631e-07,0,-1.71555301848e-07,-1.01368903596e-07,2,0.000174780418019,2.63913836705e-07,1.11649904261e-07,2.49559181185e-07,1.25568378629e-07,1.91198713152e-07,2,-0.000264143537842,-5.28947694496e-07,-3.07508858911e-07,2.10447856198e-08,1.7124053684e-07,1.01228798989e-07,2023-11-09T07:05:31,5.941736686986019,5.38703249172876,-84.96175133182646,6.937161290932892
4,/mnt/Rdata/OBS_data/asteroid/RiLA600_STX-16803_-_1bin/120LACHESIS_LIGHT_-_2023-10-10_-_RiLA600_STX-16803_-_1bin/reduced2/120LACHESIS_LIGHT_R_2023-10-10-17-30-05_60sec_RiLA600_STX-16803_-20c_1bin.fits,67406400,True,-32,2,4096,4096,2023-11-08T13:21:28,LIGHT,60.0,60.0,2023-10-11T02:30:05.124,2023-10-10T17:30:05.124,1,1,0.0,9.0,9.0,SBIG STX-16803 3 CCD,-20.0,-20.0,RiLA600,3000,5.0,29.3836899218662,15.0251654904829,62.2988343288839,223.212538211518,1.12907459060389,East,0.0,37.308889,127.002,SBIG STX-16803 3 CCD,R,120LACHESIS,01 57 32,+15 00 35,0.0,NanoFocus,437326,437326,21.45,21.45,TOP-DOWN,N.I.N.A. 2.0.2.2017,STX-16803,RiLA600,600,0.618795,,6.060677157842,176.0,True,2023-10-13T23:00:13,-86.50580699903,-86.50015160969,/mnt/Rdata/OBS_data/asteroid/RiLA600_STX-16803_-_1bin/120LACHESIS_LIGHT_-_2023-10-10_-_RiLA600_STX-16803_-_1bin/master_files_ys/nightskyflat-R.fits,F,adu,2048.5,2048.5,1.050549935648e-05,0.000172048808997,-0.0001720495605284,1.052249899272e-05,1.0,1.0,deg,RA---TAN-SIP,DEC--TAN-SIP,29.48241343055,15.11514288688,0.0,60227.729225972,FK5,2000.0,2,RA---TAN-SIP,DEC--TAN-SIP,2000.0,180.0,0.0,29.3127392507,15.1153809216,1990.11564636,1101.55696487,deg,deg,1.06685179896e-05,0.000171856382704,-0.000172015092372,1.07071911218e-05,4096,4096,2,0,0,2.30091172758e-07,0,-8.92181911743e-08,-1.00464307969e-07,2,0,0,5.34415508091e-07,0,-1.93792738685e-07,-3.18899856967e-07,2,-0.000238291408411,-1.34709137518e-07,-2.29462083756e-07,3.64744481318e-08,8.88754848503e-08,1.00375723828e-07,2,-0.000575463152541,-2.92381157028e-07,-5.3294753495e-07,9.80233691477e-08,1.92934893116e-07,3.18707028123e-07,2023-11-09T07:05:41,5.911716326878249,5.402511805393111,-58.38461991361555,-0.7231821101935054
5,/mnt/Rdata/OBS_data/asteroid/RiLA600_STX-16803_-_1bin/120LACHESIS_LIGHT_-_2023-10-10_-_RiLA600_STX-16803_-_1bin/reduced2/120LACHESIS_LIGHT_R_2023-10-10-17-31-16_90sec_RiLA600_STX-16803_-20c_1bin.fits,67406400,True,-32,2,4096,4096,2023-11-08T13:21:28,LIGHT,90.0,90.0,2023-10-11T02:31:16.837,2023-10-10T17:31:16.837,1,1,0.0,9.0,9.0,SBIG STX-16803 3 CCD,-20.0,-20.03125,RiLA600,3000,5.0,29.3831802463648,15.0250848920113,62.0630328328134,223.939101403039,1.13152345826525,East,0.0,37.308889,127.002,SBIG STX-16803 3 CCD,R,120LACHESIS,01 57 32,+15 00 35,0.0,NanoFocus,437326,437326,21.52,21.52,TOP-DOWN,N.I.N.A. 2.0.2.2017,STX-16803,RiLA600,600,0.618795,,6.249132811183,189.0,True,2023-10-13T23:00:26,-86.5034593883,-86.50026509956,/mnt/Rdata/OBS_data/asteroid/RiLA600_STX-16803_-_1bin/120LACHESIS_LIGHT_-_2023-10-10_-_RiLA600_STX-16803_-_1bin/master_files_ys/nightskyflat-R.fits,F,adu,2048.5,2048.5,1.051300657104e-05,0.0001720639288634,-0.0001720566214139,1.052308162899e-05,1.0,1.0,deg,RA---TAN-SIP,DEC--TAN-SIP,29.48211288931,15.11536027832,0.0,60227.730055984,FK5,2000.0,2,RA---TAN-SIP,DEC--TAN-SIP,2000.0,180.0,0.0,29.3127466031,15.1153946858,1991.35174561,1103.07307243,deg,deg,1.06624103679e-05,0.000171856763228,-0.0001720134081,1.07094137666e-05,4096,4096,2,0,0,2.50821663684e-07,0,-8.11618061092e-08,-7.92798638378e-08,2,0,0,5.28741082764e-07,0,-1.8899383793e-07,-3.26690440489e-07,2,-0.000232600789213,-1.73327373601e-07,-2.50137943227e-07,1.55617047697e-08,8.08249096888e-08,7.91644618376e-08,2,-0.000527597518786,-3.10255330817e-07,-5.2731744416e-07,5.98877409696e-08,1.8812078117e-07,3.26481372731e-07,2023-11-09T07:05:51,5.926592120238254,5.419802500834621,-64.61420728913083,1.7347040729829644
6,/mnt/Rdata/OBS_data/asteroid/RiLA600_STX-16803_-_1bin/120LACHESIS_LIGHT_-_2023-10-10_-_RiLA600_STX-16803_-_1bin/reduced2/120LACHESIS_LIGHT_R_2023-10-10-17-32-58_120sec_RiLA600_STX-16803_-20c_1bin.fits,67406400,True,-32,2,4096,4096,2023-11-08T13:21:29,LIGHT,120.0,120.0,2023-10-11T02:32:58.581,2023-10-10T17:32:58.581,1,1,0.0,9.0,9.0,SBIG STX-16803 3 CCD,-20.0,-20.0,RiLA600,3000,5.0,29.3827304801595,15.0250443543622,61.7588407862999,224.847989393687,1.13472670882113,East,0.0,37.308889,127.002,SBIG STX-16803 3 CCD,R,120LACHESIS,01 57 32,+15 00 35,0.0,NanoFocus,437326,437326,20.77,20.77,TOP-DOWN,N.I.N.A. 2.0.2.2017,STX-16803,RiLA600,600,0.618795,,6.511425511751,196.0,True,2023-10-13T23:00:40,-86.50731721614,-86.50062333547,/mnt/Rdata/OBS_data/asteroid/RiLA600_STX-16803_-_1bin/120LACHESIS_LIGHT_-_2023-10-10_-_RiLA600_STX-16803_-_1bin/master_files_ys/nightskyflat-R.fits,F,adu,2048.5,2048.5,1.050037967316e-05,0.0001720472495735,-0.0001720402566776,1.052098182679e-05,1.0,1.0,deg,RA---TAN-SIP,DEC--TAN-SIP,29.48172739467,15.11548337407,0.0,60227.731233576,FK5,2000.0,2,RA---TAN-SIP,DEC--TAN-SIP,2000.0,180.0,0.0,29.3127506523,15.115394571,1992.23995972,1105.2468586,deg,deg,1.06553331166e-05,0.000171858671913,-0.000172009339141,1.0702185301e-05,4096,4096,2,0,0,2.44167514966e-07,0,-8.38986129753e-08,-7.66766102197e-08,2,0,0,5.21155715615e-07,0,-1.82129434204e-07,-3.21424283801e-07,2,-0.000224414606334,-1.61420597786e-07,-2.43515503296e-07,1.76900027485e-08,8.35781704664e-08,7.65677873909e-08,2,-0.00051707122798,-2.95703316902e-07,-5.19770502881e-07,5.47853332962e-08,1.81300803004e-07,3.21221839074e-07,2023-11-09T07:06:01,5.928884868233126,5.430046823328496,-69.53894726474971,4.022094308254935
7,/mnt/Rdata/OBS_data/asteroid/RiLA600_STX-16803_-_1bin/120LACHESIS_LIGHT_-_2023-10-10_-_RiLA600_STX-16803_-_1bin/reduced2/120LACHESIS_LIGHT_R_2023-10-10-17-35-10_180sec_RiLA600_STX-16803_-20c_1bin.fits,67406400,True,-32,2,4096,4096,2023-11-08T13:21:30,LIGHT,180.0,180.0,2023-10-11T02:35:10.296,2023-10-10T17:35:10.296,1,1,0.0,9.0,9.0,SBIG STX-16803 3 CCD,-20.0,-20.0,RiLA600,3000,5.0,29.3818460028419,15.0249333127502,61.300409762465,226.161333566387,1.13964931965302,East,0.0,37.308889,127.002,SBIG STX-16803 3 CCD,R,120LACHESIS,01 57 32,+15 00 35,0.0,NanoFocus,437326,437326,21.45,21.45,TOP-DOWN,N.I.N.A. 2.0.2.2017,STX-16803,RiLA600,600,0.618795,,6.765322410255,216.0,True,2023-10-13T23:00:54,-86.51359428393,-86.50180770469,/mnt/Rdata/OBS_data/asteroid/RiLA600_STX-16803_-_1bin/120LACHESIS_LIGHT_-_2023-10-10_-_RiLA600_STX-16803_-_1bin/master_files_ys/nightskyflat-R.fits,F,adu,2048.5,2048.5,1.048162140888e-05,0.0001720487671905,-0.000172042879239,1.051750489212e-05,1.0,1.0,deg,RA---TAN-SIP,DEC--TAN-SIP,29.48122169848,15.11588963288,0.0,60227.732758056,FK5,2000.0,2,RA---TAN-SIP,DEC--TAN-SIP,2000.0,180.0,0.0,29.3127608331,15.1153906029,1994.78471375,1108.01740837,deg,deg,1.06434923184e-05,0.000171867576882,-0.00017201374122,1.06951096321e-05,4096,4096,2,0,0,2.4047028972e-07,0,-7.40820020166e-08,-9.8019340544e-08,2,0,0,5.02739733011e-07,0,-1.71274243289e-07,-3.14892112355e-07,2,-0.000216006316044,-1.51040383333e-07,-2.39847959017e-07,2.70147819817e-08,7.37669933482e-08,9.79162400412e-08,2,-0.000475735412698,-2.79063181683e-07,-5.01452930123e-07,8.93383964387e-08,1.70505275051e-07,3.14700228467e-07,2023-11-09T07:06:12,5.951130222313097,5.460837425614251,-80.90293500595408,9.029993776638605
8,/mnt/Rdata/OBS_data/asteroid/RiLA600_STX-16803_-_1bin/120LACHESIS_LIGHT_-_2023-10-10_-_RiLA600_STX-16803_-_1bin/reduced2/120LACHESIS_LIGHT_R_2023-10-10-17-38-21_60sec_RiLA600_STX-16803_-20c_1bin.fits,67406400,True,-32,2,4096,4096,2023-11-08T13:21:31,LIGHT,60.0,60.0,2023-10-11T02:38:21.993,2023-10-10T17:38:21.993,1,1,0.0,9.0,9.0,SBIG STX-16803 3 CCD,-20.0,-20.03125,RiLA600,3000,5.0,29.3815311645004,15.0249129415595,61.1258824681485,226.644880493435,1.14155383547527,East,0.0,37.308889,127.002,SBIG STX-16803 3 CCD,R,120LACHESIS,01 57 32,+15 00 35,0.0,NanoFocus,437326,437326,21.57,21.57,TOP-DOWN,N.I.N.A. 2.0.2.2017,STX-16803,RiLA600,600,0.618795,,6.620987300314,168.0,True,2023-10-13T23:01:07,-86.50980551885,-86.51059894508,/mnt/Rdata/OBS_data/asteroid/RiLA600_STX-16803_-_1bin/120LACHESIS_LIGHT_-_2023-10-10_-_RiLA600_STX-16803_-_1bin/master_files_ys/nightskyflat-R.fits,F,adu,2048.5,2048.5,1.049348958648e-05,0.0001720414857692,-0.0001720502463037,1.049056400051e-05,1.0,1.0,deg,RA---TAN-SIP,DEC--TAN-SIP,29.48079141869,15.1162739725,0.0,60227.734976771,FK5,2000.0,2,RA---TAN-SIP,DEC--TAN-SIP,2000.0,180.0,0.0,29.3127384389,15.1153890113,1997.30325317,1110.17005539,deg,deg,1.06478009142e-05,0.000171859217067,-0.000172022958952,1.0684587232e-05,4096,4096,2,0,0,2.53372675432e-07,0,-7.68170741309e-08,-9.81665538043e-08,2,0,0,5.32852925334e-07,0,-2.26277843965e-07,-3.34007456635e-07,2,-0.000243199627569,-1.62808398055e-07,-2.52678572215e-07,9.91899365508e-09,7.64307068305e-08,9.80522130454e-08,2,-0.000543752316119,-2.73713862531e-07,-5.3144401901e-07,8.40624212595e-08,2.25292843034e-07,3.33812035772e-07,2023-11-09T07:06:22,5.9438948032658345,5.484987602365656,-56.08097685429868,0.8527428468572396
9,/mnt/Rdata/OBS_data/asteroid/RiLA600_STX-16803_-_1bin/120LACHESIS_LIGHT_-_2023-10-10_-_RiLA600_STX-16803_-_1bin/reduced2/120LACHESIS_LIGHT_R_2023-10-10-17-39-33_90sec_RiLA600_STX-16803_-20c_1bin.fits,67406400,True,-32,2,4096,4096,2023-11-08T13:21:32,LIGHT,90.0,90.0,2023-10-11T02:39:33.676,2023-10-10T17:39:33.676,1,1,0.0,9.0,9.0,SBIG STX-16803 3 CCD,-20.0,-20.0,RiLA600,3000,5.0,29.3810963895874,15.024882428247,60.8758884823539,227.322635728899,1.14431147958262,East,0.0,37.308889,127.002,SBIG STX-16803 3 CCD,R,120LACHESIS,01 57 32,+15 00 35,0.0,NanoFocus,437326,437326,21.29,21.29,TOP-DOWN,N.I.N.A. 2.0.2.2017,STX-16803,RiLA600,600,0.618795,,6.432511364098,189.0,True,2023-10-13T23:01:21,-86.51522333092,-86.50896202234,/mnt/Rdata/OBS_data/asteroid/RiLA600_STX-16803_-_1bin/120LACHESIS_LIGHT_-_2023-10-10_-_RiLA600_STX-16803_-_1bin/master_files_ys/nightskyflat-R.fits,F,adu,2048.5,2048.5,1.047655577051e-05,0.0001720322394039,-0.0001720403186889,1.049493337656e-05,1.0,1.0,deg,RA---TAN-SIP,DEC--TAN-SIP,29.48050155461,15.11643667722,0.0,60227.735806435,FK5,2000.0,2,RA---TAN-SIP,DEC--TAN-SIP,2000.0,180.0,0.0,29.3127426698,15.1153858561,1998.29792786,1111.7058773,deg,deg,1.06374258708e-05,0.000171858785143,-0.000172015756663,1.06801412672e-05,4096,4096,2,0,0,2.38718363736e-07,0,-6.85287824978e-08,-9.78698357005e-08,2,0,0,5.28065760195e-07,0,-1.94148689066e-07,-3.21907020355e-07,2,-0.000231324358365,-1.51008990647e-07,-2.38065378427e-07,1.5946034806e-08,6.81974704611e-08,9.77634395937e-08,2,-0.000534382238718,-2.88055255415e-07,-5.26653247976e-07,8.15518574535e-08,1.9328764393e-07,3.21701858111e-07,2023-11-09T07:06:32,5.952530143963273,5.496352061955037,-61.843664368426516,3.4169570368753455
10,/mnt/Rdata/OBS_data/asteroid/RiLA600_STX-16803_-_1bin/120LACHESIS_LIGHT_-_2023-10-10_-_RiLA600_STX-16803_-_1bin/reduced2/120LACHESIS_LIGHT_R_2023-10-10-17-41-15_120sec_RiLA600_STX-16803_-20c_1bin.fits,67305600,True,-32,2,4096,4096,2023-11-08T13:21:33,LIGHT,120.0,120.0,2023-10-11T02:41:15.379,2023-10-10T17:41:15.379,1,1,0.0,9.0,9.0,SBIG STX-16803 3 CCD,-20.0,-20.03125,RiLA600,3000,5.0,29.3804968104325,15.0247517207407,60.5530433830401,228.173009527099,1.14792484849826,East,0.0,37.308889,127.002,SBIG STX-16803 3 CCD,R,120LACHESIS,01 57 32,+15 00 35,0.0,NanoFocus,437326,437326,20.9,20.9,TOP-DOWN,N.I.N.A. 2.0.2.2017,STX-16803,RiLA600,600,0.618795,,6.513991968252,203.0,True,2023-10-13T23:01:36,,,/mnt/Rdata/OBS_data/asteroid/RiLA600_STX-16803_-_1bin/120LACHESIS_LIGHT_-_2023-10-10_-_RiLA600_STX-16803_-_1bin/master_files_ys/nightskyflat-R.fits,F,adu,,,1.046608421354e-05,0.0001720451304719,-0.0001720475059569,1.049305214844e-05,,,,,,,,0.0,60227.736983553,FK5,,2,RA---TAN-SIP,DEC--TAN-SIP,2000.0,180.0,0.0,29.3127515586,15.1153897983,1999.32170105,1113.9224987,deg,deg,1.06324658717e-05,0.000171863781055,-0.000172014187442,1.06705673378e-05,4096,4096,2,0,0,2.36163839233e-07,0,-7.8841724448e-08,-7.32537194763e-08,2,0,0,5.17323234914e-07,0,-1.93692045753e-07,-3.30672533122e-07,2,-0.000209810073806,-1.54985050669e-07,-2.35539795304e-07,9.85116389509e-09,7.85302182858e-08,7.31437339e-08,2,-0.000497743075326,-2.83340818191e-07,-5.15974455548e-07,4.82695804526e-08,1.92845529079e-07,3.30466465478e-07,2023-11-09T07:06:42,5.965272757188558,5.513523208096167,-66.52907059626159,5.852851009502302
11,/mnt/Rdata/OBS_data/asteroid/RiLA600_STX-16803_-_1bin/120LACHESIS_LIGHT_-_2023-10-10_-_RiLA600_STX-16803_-_1bin/reduced2/120LACHESIS_LIGHT_R_2023-10-10-17-43-27_180sec_RiLA600_STX-16803_-20c_1bin.fits,67305600,True,-32,2,4096,4096,2023-11-08T13:21:34,LIGHT,180.0,180.0,2023-10-11T02:43:27.056,2023-10-10T17:43:27.056,1,1,0.0,9.0,9.0,SBIG STX-16803 3 CCD,-20.0,-20.0,RiLA600,3000,5.0,29.3797173018345,15.0246207961229,60.0696192033341,229.398364727529,1.15344690793154,East,0.0,37.308889,127.002,SBIG STX-16803 3 CCD,R,120LACHESIS,01 57 32,+15 00 35,0.0,NanoFocus,437326,437326,21.23,21.23,TOP-DOWN,N.I.N.A. 2.0.2.2017,STX-16803,RiLA600,600,0.618795,,6.847056291289,207.0,True,2023-10-13T23:01:50,,,/mnt/Rdata/OBS_data/asteroid/RiLA600_STX-16803_-_1bin/120LACHESIS_LIGHT_-_2023-10-10_-_RiLA600_STX-16803_-_1bin/master_files_ys/nightskyflat-R.fits,F,adu,,,1.044805677149e-05,0.0001720544151363,-0.0001720507144941,1.049578139513e-05,,,,,,,,0.0,60227.738507593,FK5,,2,RA---TAN-SIP,DEC--TAN-SIP,2000.0,180.0,0.0,29.3127553035,15.1153902223,2001.33784485,1116.53889275,deg,deg,1.0620551492e-05,0.000171868407857,-0.000172014182557,1.06665383271e-05,4096,4096,2,0,0,2.37859638742e-07,0,-8.0572199955e-08,-7.97610819245e-08,2,0,0,5.14275476683e-07,0,-1.84084764031e-07,-3.23654944721e-07,2,-0.00021521391158,-1.46803257663e-07,-2.37237711606e-07,1.37435755151e-08,8.02627222026e-08,7.96549460345e-08,2,-0.000499911833954,-2.70767590179e-07,-5.12940904776e-07,5.27721315435e-08,1.83276237288e-07,3.23454334946e-07,2023-11-09T07:06:53,5.983435043085876,5.540727041414115,-77.06196904376554,11.055246720843996
12,/mnt/Rdata/OBS_data/asteroid/RiLA600_STX-16803_-_1bin/120LACHESIS_LIGHT_-_2023-10-10_-_RiLA600_STX-16803_-_1bin/reduced2/120LACHESIS_LIGHT_R_2023-10-10-17-46-38_60sec_RiLA600_STX-16803_-20c_1bin.fits,67305600,True,-32,2,4096,4096,2023-11-08T13:21:34,LIGHT,60.0,60.0,2023-10-11T02:46:38.723,2023-10-10T17:46:38.723,1,1,0.0,9.0,9.0,SBIG STX-16803 3 CCD,-20.0,-20.0,RiLA600,3000,5.0,29.3793875193891,15.0245604072096,59.8860660590253,229.849475259998,1.15557908888904,East,0.0,37.308889,127.002,SBIG STX-16803 3 CCD,R,120LACHESIS,01 57 32,+15 00 35,0.0,NanoFocus,437326,437326,21.38,21.38,TOP-DOWN,N.I.N.A. 2.0.2.2017,STX-16803,RiLA600,600,0.618795,,6.38295611323,175.0,True,2023-10-13T23:02:04,,,/mnt/Rdata/OBS_data/asteroid/RiLA600_STX-16803_-_1bin/120LACHESIS_LIGHT_-_2023-10-10_-_RiLA600_STX-16803_-_1bin/master_files_ys/nightskyflat-R.fits,F,adu,,,1.045335921369e-05,0.0001720608043627,-0.0001720489859548,1.047922781663e-05,,,,,,,,0.0,60227.740725961,FK5,,2,RA---TAN-SIP,DEC--TAN-SIP,2000.0,180.0,0.0,29.3127415238,15.1153868576,2003.62335205,1118.8609848,deg,deg,1.06173717396e-05,0.000171859948043,-0.000172014172376,1.06608077744e-05,4096,4096,2,0,0,2.44899389885e-07,0,-8.47875085639e-08,-9.88970242353e-08,2,0,0,5.32776418644e-07,0,-2.06988875619e-07,-3.35574288396e-07,2,-0.000238204783681,-1.43760665518e-07,-2.44238939014e-07,2.011062406e-08,8.44284470189e-08,9.87904361266e-08,2,-0.000548445433238,-2.6686303453e-07,-5.31358024194e-07,8.19892711605e-08,2.06081842116e-07,3.35371880589e-07,2023-11-09T07:07:03,5.976626234682385,5.565335568358414,-53.83583810415587,2.396504709255538
13,/mnt/Rdata/OBS_data/asteroid/RiLA600_STX-16803_-_1bin/120LACHESIS_LIGHT_-_2023-10-10_-_RiLA600_STX-16803_-_1bin/reduced2/120LACHESIS_LIGHT_R_2023-10-10-17-47-50_90sec_RiLA600_STX-16803_-20c_1bin.fits,67305600,True,-32,2,4096,4096,2023-11-08T13:21:35,LIGHT,90.0,90.0,2023-10-11T02:47:50.454,2023-10-10T17:47:50.454,1,1,0.0,9.0,9.0,SBIG STX-16803 3 CCD,-20.0,-20.0,RiLA600,3000,5.0,29.3789227723207,15.0245198601594,59.6234233575994,230.482164563228,1.15866440331491,East,0.0,37.308889,127.002,SBIG STX-16803 3 CCD,R,120LACHESIS,01 57 32,+15 00 35,0.0,NanoFocus,437326,437326,21.59,21.59,TOP-DOWN,N.I.N.A. 2.0.2.2017,STX-16803,RiLA600,600,0.618795,,6.386341412436,184.0,True,2023-10-13T23:02:17,,,/mnt/Rdata/OBS_data/asteroid/RiLA600_STX-16803_-_1bin/120LACHESIS_LIGHT_-_2023-10-10_-_RiLA600_STX-16803_-_1bin/master_files_ys/nightskyflat-R.fits,F,adu,,,1.045612778286e-05,0.0001720580447003,-0.0001720468447386,1.046209706286e-05,,,,,,,,0.0,60227.741556181,FK5,,2,RA---TAN-SIP,DEC--TAN-SIP,2000.0,180.0,0.0,29.3127432652,15.1153915644,2005.01312256,1120.21453857,deg,deg,1.06098925523e-05,0.000171861474618,-0.000172020648795,1.06587149475e-05,4096,4096,2,0,0,2.48532317116e-07,0,-8.90126429244e-08,-9.02271912455e-08,2,0,0,5.28733537354e-07,0,-1.99498655515e-07,-3.24868712294e-07,2,-0.000241829993183,-1.39741605398e-07,-2.4787098693e-07,1.45820548182e-08,8.86632146205e-08,9.01220877982e-08,2,-0.0005481675638,-2.52270514011e-07,-5.27336620587e-07,5.73106427111e-08,1.98626754059e-07,3.24673227397e-07,2023-11-09T07:07:13,5.989053394827906,5.580580295224351,-59.161271115052614,5.0600464205425055
14,/mnt/Rdata/OBS_data/asteroid/RiLA600_STX-16803_-_1bin/120LACHESIS_LIGHT_-_2023-10-10_-_RiLA600_STX-16803_-_1bin/reduced2/120LACHESIS_LIGHT_R_2023-10-10-17-49-32_120sec_RiLA600_STX-16803_-20c_1bin.fits,67305600,True,-32,2,4096,4096,2023-11-08T13:21:36,LIGHT,120.0,120.0,2023-10-11T02:49:32.170,2023-10-10T17:49:32.170,1,1,0.0,9.0,9.0,SBIG STX-16803 3 CCD,-20.0,-20.0,RiLA600,3000,5.0,29.3783532614341,15.024319184601,59.2859214595785,231.273754815106,1.16268925399409,East,0.0,37.308889,127.002,SBIG STX-16803 3 CCD,R,120LACHESIS,01 57 32,+15 00 35,0.0,NanoFocus,437326,437326,21.69,21.69,TOP-DOWN,N.I.N.A. 2.0.2.2017,STX-16803,RiLA600,600,0.618795,,6.678988116634,202.0,True,2023-10-13T23:02:31,,,/mnt/Rdata/OBS_data/asteroid/RiLA600_STX-16803_-_1bin/120LACHESIS_LIGHT_-_2023-10-10_-_RiLA600_STX-16803_-_1bin/master_files_ys/nightskyflat-R.fits,F,adu,,,1.044283683245e-05,0.0001720592554787,-0.0001720513850313,1.046947482381e-05,,,,,,,,0.0,60227.742733449,FK5,,2,RA---TAN-SIP,DEC--TAN-SIP,2000.0,180.0,0.0,29.3127537925,15.1153905284,2006.30386353,1122.2582016,deg,deg,1.0602838299e-05,0.000171872281491,-0.000172018619146,1.06461710008e-05,4096,4096,2,0,0,2.36234444239e-07,0,-8.84455593954e-08,-1.04749256927e-07,2,0,0,5.06604154559e-07,0,-1.89424214878e-07,-3.2191130094e-07,2,-0.000221961968078,-1.22474948412e-07,-2.3563569489e-07,3.12120988222e-08,8.81114051949e-08,1.04656048231e-07,2,-0.000500759522727,-2.3355333562e-07,-5.05321880102e-07,9.07905810286e-08,1.88624182943e-07,3.21729768447e-07,2023-11-09T07:07:23,6.000983058537912,5.605119807534216,-63.342711979829005,7.51624261967379
15,/mnt/Rdata/OBS_data/asteroid/RiLA600_STX-16803_-_1bin/120LACHESIS_LIGHT_-_2023-10-10_-_RiLA600_STX-16803_-_1bin/reduced2/120LACHESIS_LIGHT_R_2023-10-10-17-51-43_180sec_RiLA600_STX-16803_-20c_1bin.fits,67305600,True,-32,2,4096,4096,2023-11-08T13:21:37,LIGHT,180.0,180.0,2023-10-11T02:51:43.896,2023-10-10T17:51:43.896,1,1,0.0,9.0,9.0,SBIG STX-16803 3 CCD,-20.0,-20.0,RiLA600,3000,5.0,29.377558724978,15.0242182441284,58.780673724959,232.417989774843,1.16884300918818,East,0.0,37.308889,127.002,SBIG STX-16803 3 CCD,R,120LACHESIS,01 57 32,+15 00 35,0.0,NanoFocus,437326,437326,21.66,21.66,TOP-DOWN,N.I.N.A. 2.0.2.2017,STX-16803,RiLA600,600,0.618795,,6.87308628942,218.0,True,2023-10-13T23:02:46,,,/mnt/Rdata/OBS_data/asteroid/RiLA600_STX-16803_-_1bin/120LACHESIS_LIGHT_-_2023-10-10_-_RiLA600_STX-16803_-_1bin/master_files_ys/nightskyflat-R.fits,F,adu,,,1.042688721394e-05,0.0001720584928222,-0.0001720598302023,1.047121352491e-05,,,,,,,,0.0,60227.744258056,FK5,,2,RA---TAN-SIP,DEC--TAN-SIP,2000.0,180.0,0.0,29.3127470144,15.1153921391,2008.85792542,1124.52508736,deg,deg,1.05995264337e-05,0.000171867119341,-0.00017202126594,1.06416367612e-05,4096,4096,2,0,0,2.37649314058e-07,0,-8.32532637061e-08,-8.30677756337e-08,2,0,0,5.25613522646e-07,0,-2.05595503806e-07,-3.28601305922e-07,2,-0.000225982248898,-1.35427694689e-07,-2.37019497295e-07,7.20292478143e-09,8.29232535757e-08,8.29634090148e-08,2,-0.000534167035435,-2.49300682799e-07,-5.24237704693e-07,4.68937194903e-08,2.04723326197e-07,3.28402041072e-07,2023-11-09T07:07:34,6.022436596124763,5.636311395574438,-73.09386665092404,12.877222850787717
16,/mnt/Rdata/OBS_data/asteroid/RiLA600_STX-16803_-_1bin/120LACHESIS_LIGHT_-_2023-10-10_-_RiLA600_STX-16803_-_1bin/reduced2/120LACHESIS_LIGHT_R_2023-10-10-17-54-55_60sec_RiLA600_STX-16803_-20c_1bin.fits,67305600,True,-32,2,4096,4096,2023-11-08T13:21:37,LIGHT,60.0,60.0,2023-10-11T02:54:55.557,2023-10-10T17:54:55.557,1,1,0.0,9.0,9.0,SBIG STX-16803 3 CCD,-20.0,-20.03125,RiLA600,3000,5.0,29.3772740626738,15.0240379025755,58.5890011532003,232.839377925895,1.17121842814148,East,0.0,37.308889,127.002,SBIG STX-16803 3 CCD,R,120LACHESIS,01 57 32,+15 00 35,0.0,NanoFocus,437326,437326,21.69,21.69,TOP-DOWN,N.I.N.A. 2.0.2.2017,STX-16803,RiLA600,600,0.618795,,6.783668230385,170.0,True,2023-10-13T23:03:00,,,/mnt/Rdata/OBS_data/asteroid/RiLA600_STX-16803_-_1bin/120LACHESIS_LIGHT_-_2023-10-10_-_RiLA600_STX-16803_-_1bin/master_files_ys/nightskyflat-R.fits,F,adu,,,1.042948044588e-05,0.0001720518431039,-0.000172060860683,1.045019443173e-05,,,,,,,,0.0,60227.746476354,FK5,,2,RA---TAN-SIP,DEC--TAN-SIP,2000.0,180.0,0.0,29.3127481333,15.1153629016,2010.44377136,1127.15960693,deg,deg,1.0572003072e-05,0.000171855326889,-0.000171968657685,1.06590099855e-05,4096,4096,2,0,0,3.50930199749e-07,0,-3.93594525673e-08,-5.92635806332e-07,2,0,0,5.75718327236e-07,0,-2.09129492331e-07,-5.17201854174e-07,2,-0.000325307688347,-3.31729319023e-07,-3.49874904814e-07,1.57968336125e-06,3.82644272711e-08,5.92453985982e-07,2,-0.000518283681997,-4.47706563757e-07,-5.74118099739e-07,1.49657673322e-06,2.07784155037e-07,5.16925654406e-07,2023-11-09T07:07:44,6.010506388775809,5.657984759652699,-51.36201611191666,3.796646981628413
17,/mnt/Rdata/OBS_data/asteroid/RiLA600_STX-16803_-_1bin/120LACHESIS_LIGHT_-_2023-10-10_-_RiLA600_STX-16803_-_1bin/reduced2/120LACHESIS_LIGHT_R_2023-10-10-17-56-07_90sec_RiLA600_STX-16803_-20c_1bin.fits,67305600,True,-32,2,4096,4096,2023-11-08T13:21:38,LIGHT,90.0,90.0,2023-10-11T02:56:07.287,2023-10-10T17:56:07.287,1,1,0.0,9.0,9.0,SBIG STX-16803 3 CCD,-20.0,-20.0,RiLA600,3000,5.0,29.3767943236934,15.0239973389003,58.3154137563886,233.43049409448,1.17464856377021,East,0.0,37.308889,127.002,SBIG STX-16803 3 CCD,R,120LACHESIS,01 57 32,+15 00 35,0.0,NanoFocus,437326,437326,21.68,21.68,TOP-DOWN,N.I.N.A. 2.0.2.2017,STX-16803,RiLA600,600,0.618795,,6.737457577473,190.0,True,2023-10-13T23:03:14,,,/mnt/Rdata/OBS_data/asteroid/RiLA600_STX-16803_-_1bin/120LACHESIS_LIGHT_-_2023-10-10_-_RiLA600_STX-16803_-_1bin/master_files_ys/nightskyflat-R.fits,F,adu,,,1.043023919008e-05,0.0001720649990263,-0.0001720623937135,1.044791631491e-05,,,,,,,,0.0,60227.747306563,FK5,,2,RA---TAN-SIP,DEC--TAN-SIP,2000.0,180.0,0.0,29.3127456682,15.1153883757,2011.15049744,1128.36439323,deg,deg,1.05852458184e-05,0.000171867693194,-0.000172017130578,1.06300734972e-05,4096,4096,2,0,0,2.35726703811e-07,0,-8.57973884374e-08,-6.68873158747e-08,2,0,0,5.21559319232e-07,0,-1.97445860986e-07,-3.269077618e-07,2,-0.000216723715123,-1.3523554972e-07,-2.35110741714e-07,2.2169997216e-09,8.54912060333e-08,6.6781162509e-08,2,-0.000521793142113,-2.44749190869e-07,-5.20204622177e-07,1.66517250904e-08,1.96609652658e-07,3.26705805688e-07,2023-11-09T07:07:54,6.026003949580385,5.66936203888023,-56.313731889280234,6.539127188516858
18,/mnt/Rdata/OBS_data/asteroid/RiLA600_STX-16803_-_1bin/120LACHESIS_LIGHT_-_2023-10-10_-_RiLA600_STX-16803_-_1bin/reduced2/120LACHESIS_LIGHT_R_2023-10-10-17-57-49_120sec_RiLA600_STX-16803_-20c_1bin.fits,67305600,True,-32,2,4096,4096,2023-11-08T13:21:39,LIGHT,120.0,120.0,2023-10-11T02:57:49.021,2023-10-10T17:57:49.021,1,1,0.0,9.0,9.0,SBIG STX-16803 3 CCD,-20.0,-20.03125,RiLA600,3000,5.0,29.3762697284574,15.0238467144685,57.958823788773,234.182040688779,1.17919000414343,East,0.0,37.308889,127.002,SBIG STX-16803 3 CCD,R,120LACHESIS,01 57 32,+15 00 35,0.0,NanoFocus,437326,437326,21.39,21.39,TOP-DOWN,N.I.N.A. 2.0.2.2017,STX-16803,RiLA600,600,0.618795,,6.961639267302,194.0,True,2023-10-13T23:03:28,,,/mnt/Rdata/OBS_data/asteroid/RiLA600_STX-16803_-_1bin/120LACHESIS_LIGHT_-_2023-10-10_-_RiLA600_STX-16803_-_1bin/master_files_ys/nightskyflat-R.fits,F,adu,,,1.043380699978e-05,0.000172053923224,-0.0001720371769402,1.043121700975e-05,,,,,,,,0.0,60227.748484039,FK5,,2,RA---TAN-SIP,DEC--TAN-SIP,2000.0,180.0,0.0,29.3127602287,15.1153653174,2013.05784607,1130.50536156,deg,deg,1.05591880005e-05,0.000171855970267,-0.000171972127879,1.06477112364e-05,4096,4096,2,0,0,3.42924543455e-07,0,-4.62312600534e-08,-5.77338324525e-07,2,0,0,5.59323667959e-07,0,-1.95800679062e-07,-5.30004259532e-07,2,-0.000296439973156,-3.17255581129e-07,-3.41932454231e-07,1.50896689205e-06,4.51970017765e-08,5.77158156185e-07,2,-0.000456608817115,-4.55356379855e-07,-5.5781143464e-07,1.49787039181e-06,1.94522106965e-07,5.29718333957e-07,2023-11-09T07:08:04,6.0339879444427424,5.693603566142151,-60.875236086070004,9.384054354943885
19,/mnt/Rdata/OBS_data/asteroid/RiLA600_STX-16803_-_1bin/120LACHESIS_LIGHT_-_2023-10-10_-_RiLA600_STX-16803_-_1bin/reduced2/120LACHESIS_LIGHT_R_2023-10-10-18-00-00_180sec_RiLA600_STX-16803_-20c_1bin.fits,67305600,True,-32,2,4096,4096,2023-11-08T13:21:40,LIGHT,180.0,180.0,2023-10-11T03:00:00.661,2023-10-10T18:00:00.661,1,1,0.0,9.0,9.0,SBIG STX-16803 3 CCD,-20.0,-20.0,RiLA600,3000,5.0,29.3754454005381,15.0235857371543,57.439803816664,235.240386198159,1.18594546029362,East,0.0,37.308889,127.002,SBIG STX-16803 3 CCD,R,120LACHESIS,01 57 32,+15 00 35,0.0,NanoFocus,437326,437326,21.4,21.4,TOP-DOWN,N.I.N.A. 2.0.2.2017,STX-16803,RiLA600,600,0.618795,,6.782673295809,214.0,True,2023-10-13T23:03:43,,,/mnt/Rdata/OBS_data/asteroid/RiLA600_STX-16803_-_1bin/120LACHESIS_LIGHT_-_2023-10-10_-_RiLA600_STX-16803_-_1bin/master_files_ys/nightskyflat-R.fits,F,adu,,,1.039933479569e-05,0.000172070584547,-0.0001720560285553,1.046196719127e-05,,,,,,,,0.0,60227.75000765,FK5,,2,RA---TAN-SIP,DEC--TAN-SIP,2000.0,180.0,0.0,29.3127497232,15.1153931212,2014.8631134,1133.34061813,deg,deg,1.05721722243e-05,0.000171869177325,-0.000172017111709,1.06192484351e-05,4096,4096,2,0,0,2.40767297379e-07,0,-8.30220751406e-08,-9.00009878983e-08,2,0,0,5.16117310704e-07,0,-2.05282277744e-07,-3.32576817494e-07,2,-0.000221496376942,-1.29882416242e-07,-2.40146717861e-07,7.60285710998e-09,8.26888571222e-08,8.98950160889e-08,2,-0.000507580402244,-2.28160604846e-07,-5.14807639688e-07,5.41664031589e-08,2.04425448844e-07,3.32381549357e-07,2023-11-09T07:08:15,6.051748991231349,5.730345309264884,-69.27792655795201,14.570411813490836
20,/mnt/Rdata/OBS_data/asteroid/RiLA600_STX-16803_-_1bin/120LACHESIS_LIGHT_-_2023-10-10_-_RiLA600_STX-16803_-_1bin/reduced2/120LACHESIS_LIGHT_R_2023-10-10-18-03-12_60sec_RiLA600_STX-16803_-20c_1bin.fits,67305600,True,-32,2,4096,4096,2023-11-08T13:21:40,LIGHT,60.0,60.0,2023-10-11T03:03:12.375,2023-10-10T18:03:12.375,1,1,0.0,9.0,9.0,SBIG STX-16803 3 CCD,-20.0,-20.03125,RiLA600,3000,5.0,29.375100734019,15.0234353293788,57.2413413982157,235.634580826844,1.18857488784644,East,0.0,37.308889,127.002,SBIG STX-16803 3 CCD,R,120LACHESIS,01 57 32,+15 00 35,0.0,NanoFocus,437326,437326,21.53,21.53,TOP-DOWN,N.I.N.A. 2.0.2.2017,STX-16803,RiLA600,600,0.618795,,6.353166457933,177.0,True,2023-10-13T23:03:56,,,/mnt/Rdata/OBS_data/asteroid/RiLA600_STX-16803_-_1bin/120LACHESIS_LIGHT_-_2023-10-10_-_RiLA600_STX-16803_-_1bin/master_files_ys/nightskyflat-R.fits,F,adu,,,1.04021154003e-05,0.0001720629246098,-0.000172059749588,1.043590701752e-05,,,,,,,,0.0,60227.752226563,FK5,,2,RA---TAN-SIP,DEC--TAN-SIP,2000.0,180.0,0.0,29.3127502711,15.1153535918,2017.30595398,1135.76284409,deg,deg,1.0543672983e-05,0.000171859889405,-0.000171978957664,1.06309117094e-05,4096,4096,2,0,0,3.33261548848e-07,0,-4.73838139308e-08,-6.11345343227e-07,2,0,0,5.61418883739e-07,0,-2.17842432485e-07,-5.03572806523e-07,2,-0.000330602925532,-2.58156996697e-07,-3.32299193183e-07,1.70010630972e-06,4.63178075629e-08,6.11197794899e-07,2,-0.00052717382845,-3.61881546771e-07,-5.59914942501e-07,1.50563823281e-06,2.16560899648e-07,5.03331126664e-07,2023-11-09T07:08:25,6.044993068644331,5.758511021514323,-48.88536436740026,5.106431880358286
21,/mnt/Rdata/OBS_data/asteroid/RiLA600_STX-16803_-_1bin/120LACHESIS_LIGHT_-_2023-10-10_-_RiLA600_STX-16803_-_1bin/reduced2/120LACHESIS_LIGHT_R_2023-10-10-18-04-24_90sec_RiLA600_STX-16803_-20c_1bin.fits,67305600,True,-32,2,4096,4096,2023-11-08T13:21:41,LIGHT,90.0,90.0,2023-10-11T03:04:24.097,2023-10-10T18:04:24.097,1,1,0.0,9.0,9.0,SBIG STX-16803 3 CCD,-20.0,-20.03125,RiLA600,3000,5.0,29.3746810233344,15.0233448315553,56.9589914216757,236.185894540823,1.19236054055935,East,0.0,37.308889,127.002,SBIG STX-16803 3 CCD,R,120LACHESIS,01 57 32,+15 00 35,0.0,NanoFocus,437326,437326,21.59,21.59,TOP-DOWN,N.I.N.A. 2.0.2.2017,STX-16803,RiLA600,600,0.618795,,6.674536338752,185.0,True,2023-10-13T23:04:09,,,/mnt/Rdata/OBS_data/asteroid/RiLA600_STX-16803_-_1bin/120LACHESIS_LIGHT_-_2023-10-10_-_RiLA600_STX-16803_-_1bin/master_files_ys/nightskyflat-R.fits,F,adu,,,1.040570483322e-05,0.0001720496876863,-0.0001720727195274,1.043400242822e-05,,,,,,,,0.0,60227.753056678,FK5,,2,RA---TAN-SIP,DEC--TAN-SIP,2000.0,180.0,0.0,29.4531945005,15.1059715323,2122.17108154,1919.68979263,deg,deg,1.03513417914e-05,0.000172014443415,-0.000171939707815,1.04420087613e-05,4096,4096,2,0,0,6.03777404768e-07,0,-3.12714442316e-07,-4.64720377707e-07,2,0,0,6.59686362825e-07,0,-1.02459865737e-07,6.913614705e-09,2,-0.000299342880747,2.29566423184e-06,-6.03484693228e-07,-1.63406592419e-08,3.12440237677e-07,4.64683590113e-07,2,-0.000309952879973,2.22113523452e-06,-6.59362262426e-07,-2.57841353883e-07,1.0240917974e-07,-6.90437617653e-09,2023-11-09T07:08:35,6.040685978215379,5.798684075397382,-53.33306780747478,7.879370533735113
22,/mnt/Rdata/OBS_data/asteroid/RiLA600_STX-16803_-_1bin/120LACHESIS_LIGHT_-_2023-10-10_-_RiLA600_STX-16803_-_1bin/reduced2/120LACHESIS_LIGHT_R_2023-10-10-18-06-05_120sec_RiLA600_STX-16803_-20c_1bin.fits,67305600,True,-32,2,4096,4096,2023-11-08T13:21:42,LIGHT,120.0,120.0,2023-10-11T03:06:05.776,2023-10-10T18:06:05.776,1,1,0.0,9.0,9.0,SBIG STX-16803 3 CCD,-20.0,-20.0,RiLA600,3000,5.0,29.3741564761278,15.0231542062248,56.5903820684603,236.88950271926,1.19738295076094,East,0.0,37.308889,127.002,SBIG STX-16803 3 CCD,R,120LACHESIS,01 57 32,+15 00 35,0.0,NanoFocus,437326,437326,21.51,21.51,TOP-DOWN,N.I.N.A. 2.0.2.2017,STX-16803,RiLA600,600,0.618795,,6.907636420817,192.0,True,2023-10-13T23:04:23,,,/mnt/Rdata/OBS_data/asteroid/RiLA600_STX-16803_-_1bin/120LACHESIS_LIGHT_-_2023-10-10_-_RiLA600_STX-16803_-_1bin/master_files_ys/nightskyflat-R.fits,F,adu,,,1.038597229549e-05,0.0001720589762897,-0.0001720615720077,1.043311168844e-05,,,,,,,,0.0,60227.754233519,FK5,,2,RA---TAN-SIP,DEC--TAN-SIP,2000.0,180.0,0.0,29.4531922443,15.1059775826,2124.24777222,1921.77243614,deg,deg,1.0348153827e-05,0.00017201501793,-0.000171945196647,1.04383590575e-05,4096,4096,2,0,0,6.13496066607e-07,0,-3.20267788709e-07,-4.39187012391e-07,2,0,0,6.67172088088e-07,0,-9.35697987909e-08,-2.5969372235e-09,2,-0.000299956558466,2.29359534675e-06,-6.1320225823e-07,-9.04976832056e-08,3.20006402926e-07,4.39153056083e-07,2,-0.000309139431367,2.26442704173e-06,-6.66843631058e-07,-2.29648206007e-07,9.35223120989e-08,2.60202584792e-09,2023-11-09T07:08:45,6.048574632175416,5.830566490243072,-57.58594335145517,10.796388071619702
23,/mnt/Rdata/OBS_data/asteroid/RiLA600_STX-16803_-_1bin/120LACHESIS_LIGHT_-_2023-10-10_-_RiLA600_STX-16803_-_1bin/reduced2/120LACHESIS_LIGHT_R_2023-10-10-18-08-17_180sec_RiLA600_STX-16803_-20c_1bin.fits,67305600,True,-32,2,4096,4096,2023-11-08T13:21:43,LIGHT,180.0,180.0,2023-10-11T03:08:17.420,2023-10-10T18:08:17.420,1,1,0.0,9.0,9.0,SBIG STX-16803 3 CCD,-20.0,-20.03125,RiLA600,3000,5.0,29.3732722278344,15.0228531609543,56.0537501271344,237.88296275441,1.20486014393294,East,0.0,37.308889,127.002,SBIG STX-16803 3 CCD,R,120LACHESIS,01 57 32,+15 00 35,0.0,NanoFocus,437326,437326,21.31,21.31,TOP-DOWN,N.I.N.A. 2.0.2.2017,STX-16803,RiLA600,600,0.618795,,7.180458996541,203.0,True,2023-10-13T23:04:37,,,/mnt/Rdata/OBS_data/asteroid/RiLA600_STX-16803_-_1bin/120LACHESIS_LIGHT_-_2023-10-10_-_RiLA600_STX-16803_-_1bin/master_files_ys/nightskyflat-R.fits,F,adu,,,1.040081064858e-05,0.0001720791863367,-0.000172065102522,1.040885438348e-05,,,,,,,,0.0,60227.755757176,FK5,,2,RA---TAN-SIP,DEC--TAN-SIP,2000.0,180.0,0.0,29.3127648665,15.1153646843,2022.78895569,1141.28857422,deg,deg,1.05313563534e-05,0.000171870971693,-0.000171989741036,1.06181108693e-05,4096,4096,2,0,0,3.5063582645e-07,0,-6.91342577038e-08,-6.4269867824e-07,2,0,0,5.39808855312e-07,0,-2.02001604223e-07,-5.18907274542e-07,2,-0.0003502677008,-2.19469984029e-07,-3.4968857819e-07,1.9026109792e-06,6.79914498426e-08,6.42566209555e-07,2,-0.000472820436428,-3.34059321702e-07,-5.38434449456e-07,1.62967083354e-06,2.00759682319e-07,5.18676408306e-07,2023-11-09T07:08:55,6.0936720305110015,5.845687688228445,-65.60264854698175,16.15408204684627
24,/mnt/Rdata/OBS_data/asteroid/RiLA600_STX-16803_-_1bin/120LACHESIS_LIGHT_-_2023-10-10_-_RiLA600_STX-16803_-_1bin/reduced2/120LACHESIS_LIGHT_R_2023-10-10-18-11-29_60sec_RiLA600_STX-16803_-20c_1bin.fits,67305600,True,-32,2,4096,4096,2023-11-08T13:21:43,LIGHT,60.0,60.0,2023-10-11T03:11:29.167,2023-10-10T18:11:29.167,1,1,0.0,9.0,9.0,SBIG STX-16803 3 CCD,-20.0,-20.03125,RiLA600,3000,5.0,29.3729574735954,15.0227627882292,55.8492035595074,238.252574556519,1.20776273626406,East,0.0,37.308889,127.002,SBIG STX-16803 3 CCD,R,120LACHESIS,01 57 32,+15 00 35,0.0,NanoFocus,437326,437326,21.47,21.47,TOP-DOWN,N.I.N.A. 2.0.2.2017,STX-16803,RiLA600,600,0.618795,,6.80913243072,170.0,True,2023-10-13T23:04:50,,,/mnt/Rdata/OBS_data/asteroid/RiLA600_STX-16803_-_1bin/120LACHESIS_LIGHT_-_2023-10-10_-_RiLA600_STX-16803_-_1bin/master_files_ys/nightskyflat-R.fits,F,adu,,,1.03755453478e-05,0.0001720616838278,-0.0001720483727821,1.040511318607e-05,,,,,,,,0.0,60227.75797647,FK5,,2,RA---TAN-SIP,DEC--TAN-SIP,2000.0,180.0,0.0,29.4531984846,15.1059748222,2128.28152466,1926.47106743,deg,deg,1.03240231506e-05,0.000172019834849,-0.000171943040151,1.04222967307e-05,4096,4096,2,0,0,6.00219022861e-07,0,-2.95591155259e-07,-4.48733221569e-07,2,0,0,6.69378085772e-07,0,-1.15423995844e-07,-2.30090167735e-08,2,-0.000280720173552,2.23940844225e-06,-5.99927505042e-07,-6.56919779413e-08,2.95334814406e-07,4.48681622732e-07,2,-0.000300503152816,2.25005100606e-06,-6.69057686138e-07,-2.70274207688e-07,1.1536186737e-07,2.30087110826e-08,2023-11-09T07:09:05,6.0681074740674035,5.892339180841937,-46.40875648718634,6.3623607899747014
25,/mnt/Rdata/OBS_data/asteroid/RiLA600_STX-16803_-_1bin/120LACHESIS_LIGHT_-_2023-10-10_-_RiLA600_STX-16803_-_1bin/reduced2/120LACHESIS_LIGHT_R_2023-10-10-18-12-40_90sec_RiLA600_STX-16803_-20c_1bin.fits,67305600,True,-32,2,4096,4096,2023-11-08T13:21:44,LIGHT,90.0,90.0,2023-10-11T03:12:40.893,2023-10-10T18:12:40.893,1,1,0.0,9.0,9.0,SBIG STX-16803 3 CCD,-20.0,-20.0,RiLA600,3000,5.0,29.372537846855,15.0226022887321,55.5585656475389,238.769461278655,1.21193768296525,East,0.0,37.308889,127.002,SBIG STX-16803 3 CCD,R,120LACHESIS,01 57 32,+15 00 35,0.0,NanoFocus,437326,437326,21.44,21.44,TOP-DOWN,N.I.N.A. 2.0.2.2017,STX-16803,RiLA600,600,0.618795,,6.573304208502,190.0,True,2023-10-13T23:05:03,,,/mnt/Rdata/OBS_data/asteroid/RiLA600_STX-16803_-_1bin/120LACHESIS_LIGHT_-_2023-10-10_-_RiLA600_STX-16803_-_1bin/master_files_ys/nightskyflat-R.fits,F,adu,,,1.039094516183e-05,0.0001720572626971,-0.0001720520365107,1.039156902932e-05,,,,,,,,0.0,60227.758806632,FK5,,2,RA---TAN-SIP,DEC--TAN-SIP,2000.0,180.0,0.0,29.4532001505,15.1059779908,2129.49330139,1927.86045456,deg,deg,1.03245054834e-05,0.00017202012541,-0.00017194696841,1.04163213381e-05,4096,4096,2,0,0,6.16495848274e-07,0,-3.03538923964e-07,-4.60287230653e-07,2,0,0,6.55507912024e-07,0,-1.06262043885e-07,-1.71701516792e-08,2,-0.000278328310889,2.2647264334e-06,-6.16206436696e-07,-4.00736948861e-08,3.03275365631e-07,4.6023180565e-07,2,-0.000285005659669,2.16461860496e-06,-6.55204860249e-07,-2.44933143848e-07,1.06206985082e-07,1.71711470343e-08,2023-11-09T07:09:15,6.077630892394623,5.913722227933107,-50.59807371281863,9.181611212410132
26,/mnt/Rdata/OBS_data/asteroid/RiLA600_STX-16803_-_1bin/120LACHESIS_LIGHT_-_2023-10-10_-_RiLA600_STX-16803_-_1bin/reduced2/120LACHESIS_LIGHT_R_2023-10-10-18-14-22_120sec_RiLA600_STX-16803_-20c_1bin.fits,67305600,True,-32,2,4096,4096,2023-11-08T13:21:45,LIGHT,120.0,120.0,2023-10-11T03:14:22.554,2023-10-10T18:14:22.554,1,1,0.0,9.0,9.0,SBIG STX-16803 3 CCD,-20.0,-20.0,RiLA600,3000,5.0,29.3719683834351,15.0223616120019,55.1793245953117,239.429717599197,1.21747612177704,East,0.0,37.308889,127.002,SBIG STX-16803 3 CCD,R,120LACHESIS,01 57 32,+15 00 35,0.0,NanoFocus,437326,437326,21.63,21.63,TOP-DOWN,N.I.N.A. 2.0.2.2017,STX-16803,RiLA600,600,0.618795,,7.013131481046,191.0,True,2023-10-13T23:05:18,,,/mnt/Rdata/OBS_data/asteroid/RiLA600_STX-16803_-_1bin/120LACHESIS_LIGHT_-_2023-10-10_-_RiLA600_STX-16803_-_1bin/master_files_ys/nightskyflat-R.fits,F,adu,,,1.037152775257e-05,0.0001720652800149,-0.0001720770918391,1.040477881753e-05,,,,,,,,0.0,60227.759983264,FK5,,2,RA---TAN-SIP,DEC--TAN-SIP,2000.0,180.0,0.0,29.4531995345,15.105980415,2131.42047119,1930.02837181,deg,deg,1.03228208258e-05,0.000172020178101,-0.000171951835018,1.04107372817e-05,4096,4096,2,0,0,6.12692007891e-07,0,-2.96838121694e-07,-4.50795716045e-07,2,0,0,6.50956341311e-07,0,-1.04576984674e-07,-2.34122280285e-09,2,-0.000274287438237,2.25093759869e-06,-6.12408558991e-07,-6.97877147486e-08,2.96581147036e-07,4.50742325959e-07,2,-0.000279714871124,2.15098678664e-06,-6.50663583584e-07,-2.53268364456e-07,1.04526347684e-07,2.34685036406e-09,2023-11-09T07:09:25,6.087491280917163,5.947076730181706,-54.58011390428908,12.158798758506038
27,/mnt/Rdata/OBS_data/asteroid/RiLA600_STX-16803_-_1bin/120LACHESIS_LIGHT_-_2023-10-10_-_RiLA600_STX-16803_-_1bin/reduced2/120LACHESIS_LIGHT_R_2023-10-10-18-16-34_180sec_RiLA600_STX-16803_-20c_1bin.fits,67305600,True,-32,2,4096,4096,2023-11-08T13:21:46,LIGHT,180.0,180.0,2023-10-11T03:16:34.215,2023-10-10T18:16:34.215,1,1,0.0,9.0,9.0,SBIG STX-16803 3 CCD,-20.0,-20.03125,RiLA600,3000,5.0,29.371219135981,15.0220007162636,54.6282574234154,240.362368526171,1.22571064146563,East,0.0,37.308889,127.002,SBIG STX-16803 3 CCD,R,120LACHESIS,01 57 32,+15 00 35,0.0,NanoFocus,437326,437326,21.65,21.65,TOP-DOWN,N.I.N.A. 2.0.2.2017,STX-16803,RiLA600,600,0.618795,,7.181070098453,204.0,True,2023-10-13T23:05:32,,,/mnt/Rdata/OBS_data/asteroid/RiLA600_STX-16803_-_1bin/120LACHESIS_LIGHT_-_2023-10-10_-_RiLA600_STX-16803_-_1bin/master_files_ys/nightskyflat-R.fits,F,adu,,,1.036509132698e-05,0.0001720831711145,-0.0001720746933256,1.040439388772e-05,,,,,,,,0.0,60227.761507118,FK5,,2,RA---TAN-SIP,DEC--TAN-SIP,2000.0,180.0,0.0,29.4531981531,15.1059713369,2134.00291443,1932.64302826,deg,deg,1.03135003481e-05,0.000172017277775,-0.000171944170318,1.04092743241e-05,4096,4096,2,0,0,6.24913716394e-07,0,-3.30955142423e-07,-5.04151578882e-07,2,0,0,6.6649637056e-07,0,-1.1953113957e-07,-7.95837511864e-09,2,-0.000277859484032,2.4265943052e-06,-6.24620588877e-07,5.24624752633e-08,3.30658539341e-07,5.0407821964e-07,2,-0.000289031437068,2.25091065723e-06,-6.66195878582e-07,-2.84858961532e-07,1.19471243828e-07,7.96349801198e-09,2023-11-09T07:09:35,6.102901133878191,5.993208301859347,-62.01404223168879,17.612298903544428
28,/mnt/Rdata/OBS_data/asteroid/RiLA600_STX-16803_-_1bin/120LACHESIS_LIGHT_-_2023-10-10_-_RiLA600_STX-16803_-_1bin/reduced2/120LACHESIS_LIGHT_R_2023-10-10-18-19-45_60sec_RiLA600_STX-16803_-20c_1bin.fits,67305600,True,-32,2,4096,4096,2023-11-08T13:21:46,LIGHT,60.0,60.0,2023-10-11T03:19:45.847,2023-10-10T18:19:45.847,1,1,0.0,9.0,9.0,SBIG STX-16803 3 CCD,-20.0,-20.0,RiLA600,3000,5.0,29.370889425636,15.0218803260775,54.4183849432183,240.709708682806,1.2289059942692,East,0.0,37.308889,127.002,SBIG STX-16803 3 CCD,R,120LACHESIS,01 57 32,+15 00 35,0.0,NanoFocus,437326,437326,21.7,21.7,TOP-DOWN,N.I.N.A. 2.0.2.2017,STX-16803,RiLA600,600,0.618795,,6.882618330246,162.0,True,2023-10-13T23:05:45,,,/mnt/Rdata/OBS_data/asteroid/RiLA600_STX-16803_-_1bin/120LACHESIS_LIGHT_-_2023-10-10_-_RiLA600_STX-16803_-_1bin/master_files_ys/nightskyflat-R.fits,F,adu,,,1.036692805348e-05,0.0001720647327725,-0.000172060103835,1.038429973165e-05,,,,,,,,0.0,60227.763725081,FK5,,2,RA---TAN-SIP,DEC--TAN-SIP,2000.0,180.0,0.0,29.4532077175,15.1059701378,2135.85961914,1934.80159187,deg,deg,1.02950775137e-05,0.000172020631571,-0.000171949395992,1.03994802895e-05,4096,4096,2,0,0,6.02377578338e-07,0,-3.11738857094e-07,-4.74060138194e-07,2,0,0,6.56909389665e-07,0,-1.36024531644e-07,-3.66806365501e-08,2,-0.000256687450131,2.23688282995e-06,-6.02098607924e-07,-1.24976880981e-08,3.11470539177e-07,4.73986309856e-07,2,-0.000273225390559,2.14742977826e-06,-6.56619595505e-07,-2.92801339673e-07,1.35953591795e-07,3.66760580793e-08,2023-11-09T07:09:45,6.098830358332847,6.017977371922498,-44.05233658664599,7.550884282980661
29,/mnt/Rdata/OBS_data/asteroid/RiLA600_STX-16803_-_1bin/120LACHESIS_LIGHT_-_2023-10-10_-_RiLA600_STX-16803_-_1bin/reduced2/120LACHESIS_LIGHT_R_2023-10-10-18-20-57_90sec_RiLA600_STX-16803_-20c_1bin.fits,67305600,True,-32,2,4096,4096,2023-11-08T13:21:47,LIGHT,90.0,90.0,2023-10-11T03:20:57.491,2023-10-10T18:20:57.491,1,1,0.0,9.0,9.0,SBIG STX-16803 3 CCD,-20.0,-20.0,RiLA600,3000,5.0,29.3704397788725,15.0217497939038,54.1203748831938,241.195696308422,1.23350040622747,East,0.0,37.308889,127.002,SBIG STX-16803 3 CCD,R,120LACHESIS,01 57 32,+15 00 35,0.0,NanoFocus,437326,437326,21.72,21.72,TOP-DOWN,N.I.N.A. 2.0.2.2017,STX-16803,RiLA600,600,0.618795,,7.054037259942,178.0,True,2023-10-13T23:05:58,,,/mnt/Rdata/OBS_data/asteroid/RiLA600_STX-16803_-_1bin/120LACHESIS_LIGHT_-_2023-10-10_-_RiLA600_STX-16803_-_1bin/master_files_ys/nightskyflat-R.fits,F,adu,,,1.035569000982e-05,0.0001720554960245,-0.0001720752828509,1.038562920668e-05,,,,,,,,0.0,60227.764554294,FK5,,2,RA---TAN-SIP,DEC--TAN-SIP,2000.0,180.0,0.0,29.4532013416,15.1059752901,2137.58003235,1936.61594009,deg,deg,1.02969766376e-05,0.000172016234766,-0.000171947877512,1.03935819233e-05,4096,4096,2,0,0,6.01856951514e-07,0,-2.9509734175e-07,-4.61380906372e-07,2,0,0,6.57036251087e-07,0,-1.15469961897e-07,-2.13006652046e-08,2,-0.000253085688489,2.22715803684e-06,-6.01580284416e-07,-2.91608341206e-08,2.94844223598e-07,4.61309058341e-07,2,-0.000270254316508,2.17358726931e-06,-6.5675051243e-07,-2.64944082403e-07,1.15412273191e-07,2.12999123975e-08,2023-11-09T07:09:54,6.104910487814976,6.04284507849453,-47.99531046017648,10.439679969891529
30,/mnt/Rdata/OBS_data/asteroid/RiLA600_STX-16803_-_1bin/120LACHESIS_LIGHT_-_2023-10-10_-_RiLA600_STX-16803_-_1bin/reduced2/120LACHESIS_LIGHT_R_2023-10-10-18-22-39_120sec_RiLA600_STX-16803_-20c_1bin.fits,67305600,True,-32,2,4096,4096,2023-11-08T13:21:48,LIGHT,120.0,120.0,2023-10-11T03:22:39.110,2023-10-10T18:22:39.110,1,1,0.0,9.0,9.0,SBIG STX-16803 3 CCD,-20.0,-20.03125,RiLA600,3000,5.0,29.3698703753888,15.0214591159966,53.7319539154701,241.816681629101,1.23959085847753,East,0.0,37.308889,127.002,SBIG STX-16803 3 CCD,R,120LACHESIS,01 57 32,+15 00 35,0.0,NanoFocus,437326,437326,21.47,21.47,TOP-DOWN,N.I.N.A. 2.0.2.2017,STX-16803,RiLA600,600,0.618795,,7.025124609404,189.0,True,2023-10-13T23:06:12,,,/mnt/Rdata/OBS_data/asteroid/RiLA600_STX-16803_-_1bin/120LACHESIS_LIGHT_-_2023-10-10_-_RiLA600_STX-16803_-_1bin/master_files_ys/nightskyflat-R.fits,F,adu,,,1.036281151455e-05,0.0001720688423287,-0.0001720678646874,1.037317479066e-05,,,,,,,,0.0,60227.76573044,FK5,,2,RA---TAN-SIP,DEC--TAN-SIP,2000.0,180.0,0.0,29.4532083901,15.1059643562,2138.99690247,1938.74278259,deg,deg,1.02893332214e-05,0.0001720218419,-0.000171946166956,1.03912114034e-05,4096,4096,2,0,0,5.98108676989e-07,0,-3.21342292089e-07,-5.0889851088e-07,2,0,0,6.34986986271e-07,0,-9.52278224552e-08,-3.08891389868e-08,2,-0.000224898632163,2.20608999879e-06,-5.97848096884e-07,1.93381515732e-07,3.21074285595e-07,5.08804921034e-07,2,-0.000243518447228,2.03831019152e-06,-6.34723547627e-07,-1.86134686949e-07,9.518017189e-08,3.08834834758e-08,2023-11-09T07:10:04,6.115884446049904,6.072818049553668,-51.7460227156522,13.464607126031325
31,/mnt/Rdata/OBS_data/asteroid/RiLA600_STX-16803_-_1bin/120LACHESIS_LIGHT_-_2023-10-10_-_RiLA600_STX-16803_-_1bin/reduced2/120LACHESIS_LIGHT_R_2023-10-10-18-24-50_180sec_RiLA600_STX-16803_-20c_1bin.fits,67305600,True,-32,2,4096,4096,2023-11-08T13:21:48,LIGHT,180.0,180.0,2023-10-11T03:24:50.763,2023-10-10T18:24:50.763,1,1,0.0,9.0,9.0,SBIG STX-16803 3 CCD,-20.0,-20.03125,RiLA600,3000,5.0,29.3690162432451,15.0210481017738,53.16806887918,242.694826718237,1.24864274824969,East,0.0,37.308889,127.002,SBIG STX-16803 3 CCD,R,120LACHESIS,01 57 32,+15 00 35,0.0,NanoFocus,437326,437326,21.28,21.28,TOP-DOWN,N.I.N.A. 2.0.2.2017,STX-16803,RiLA600,600,0.618795,,7.533843910475,186.0,True,2023-10-13T23:06:26,,,/mnt/Rdata/OBS_data/asteroid/RiLA600_STX-16803_-_1bin/120LACHESIS_LIGHT_-_2023-10-10_-_RiLA600_STX-16803_-_1bin/master_files_ys/nightskyflat-R.fits,F,adu,,,1.034511812253e-05,0.0001720679038211,-0.0001720597566775,1.036277009901e-05,,,,,,,,0.0,60227.767254201,FK5,,2,RA---TAN-SIP,DEC--TAN-SIP,2000.0,180.0,0.0,29.4532024897,15.1059644793,2141.28996277,1941.87514496,deg,deg,1.02871323139e-05,0.000172023115321,-0.000171936534876,1.03841669387e-05,4096,4096,2,0,0,5.94565989601e-07,0,-3.04035652187e-07,-5.14562971115e-07,2,0,0,6.38997578426e-07,0,-8.02532931113e-08,-1.48485007376e-08,2,-0.000216187273866,2.22627179766e-06,-5.94306443849e-07,2.29598945406e-07,3.0377512427e-07,5.14461690454e-07,2,-0.000242078764015,2.09170486336e-06,-6.38738316024e-07,-1.73647464514e-07,8.02153503083e-08,1.48475468591e-08,2023-11-09T07:10:15,6.131895124273115,6.119110506259595,-58.74246522899455,19.006390051361848
32,/mnt/Rdata/OBS_data/asteroid/RiLA600_STX-16803_-_1bin/120LACHESIS_LIGHT_-_2023-10-10_-_RiLA600_STX-16803_-_1bin/reduced2/120LACHESIS_LIGHT_R_2023-10-10-18-28-02_60sec_RiLA600_STX-16803_-20c_1bin.fits,67305600,True,-32,2,4096,4096,2023-11-08T13:21:49,LIGHT,60.0,60.0,2023-10-11T03:28:02.431,2023-10-10T18:28:02.431,1,1,0.0,9.0,9.0,SBIG STX-16803 3 CCD,-20.0,-20.0,RiLA600,3000,5.0,29.3686864850293,15.0209677126478,52.9536195478193,243.022001940137,1.25215186934508,East,0.0,37.308889,127.002,SBIG STX-16803 3 CCD,R,120LACHESIS,01 57 32,+15 00 35,0.0,NanoFocus,437326,437326,21.31,21.31,TOP-DOWN,N.I.N.A. 2.0.2.2017,STX-16803,RiLA600,600,0.618795,,6.798153987989,164.0,True,2023-10-13T23:06:39,,,/mnt/Rdata/OBS_data/asteroid/RiLA600_STX-16803_-_1bin/120LACHESIS_LIGHT_-_2023-10-10_-_RiLA600_STX-16803_-_1bin/master_files_ys/nightskyflat-R.fits,F,adu,,,1.036192450267e-05,0.000172038354256,-0.0001720198574586,1.033871060547e-05,,,,,,,,0.0,60227.769472581,FK5,,2,RA---TAN-SIP,DEC--TAN-SIP,2000.0,180.0,0.0,29.4532029985,15.1059792247,2143.49848938,1944.87908554,deg,deg,1.02742867205e-05,0.000172020957304,-0.000171958429572,1.03780555545e-05,4096,4096,2,0,0,6.02434035572e-07,0,-3.05925930532e-07,-4.22099431591e-07,2,0,0,6.63567185986e-07,0,-1.24493173829e-07,-3.59459437527e-08,2,-0.000242122627588,2.18444476344e-06,-6.02170325468e-07,-1.55574571431e-07,3.05694636978e-07,4.2203158488e-07,2,-0.000257238533166,2.19521707118e-06,-6.63292936281e-07,-2.82106360093e-07,1.24433214011e-07,3.59397771193e-08,2023-11-09T07:10:24,6.117879088776306,6.1453729888822295,-41.78413902628108,8.679592960320122
33,/mnt/Rdata/OBS_data/asteroid/RiLA600_STX-16803_-_1bin/120LACHESIS_LIGHT_-_2023-10-10_-_RiLA600_STX-16803_-_1bin/reduced2/120LACHESIS_LIGHT_R_2023-10-10-18-29-14_90sec_RiLA600_STX-16803_-20c_1bin.fits,67305600,True,-32,2,4096,4096,2023-11-08T13:21:50,LIGHT,90.0,90.0,2023-10-11T03:29:14.054,2023-10-10T18:29:14.054,1,1,0.0,9.0,9.0,SBIG STX-16803 3 CCD,-20.0,-20.03125,RiLA600,3000,5.0,29.3682820662338,15.0206272256343,52.6480683675088,243.481386168578,1.25721633409418,East,0.0,37.308889,127.002,SBIG STX-16803 3 CCD,R,120LACHESIS,01 57 32,+15 00 35,0.0,NanoFocus,437326,437326,21.47,21.47,TOP-DOWN,N.I.N.A. 2.0.2.2017,STX-16803,RiLA600,600,0.618795,,6.60366837299,190.0,True,2023-10-13T23:06:53,,,/mnt/Rdata/OBS_data/asteroid/RiLA600_STX-16803_-_1bin/120LACHESIS_LIGHT_-_2023-10-10_-_RiLA600_STX-16803_-_1bin/master_files_ys/nightskyflat-R.fits,F,adu,,,1.033588524034e-05,0.0001720625420845,-0.000172075757431,1.035991662621e-05,,,,,,,,0.0,60227.770301551,FK5,,2,RA---TAN-SIP,DEC--TAN-SIP,2000.0,180.0,0.0,29.4532084926,15.1059642321,2145.08099365,1946.11298752,deg,deg,1.02712205168e-05,0.000172025666473,-0.000171944573355,1.0375472541e-05,4096,4096,2,0,0,5.85948286632e-07,0,-3.24070776699e-07,-4.79208099037e-07,2,0,0,6.45829308997e-07,0,-1.20670780918e-07,-2.52499002391e-08,2,-0.000219726837021,2.19433299687e-06,-5.85696773906e-07,5.35224000324e-08,3.23814013041e-07,4.7911810975e-07,2,-0.000243310501403,2.10501755837e-06,-6.45573381934e-07,-2.59355903254e-07,1.2061446067e-07,2.52471608792e-08,2023-11-09T07:10:34,6.1285688084647205,6.180933827428916,-45.58842290019243,11.689910414445563
34,/mnt/Rdata/OBS_data/asteroid/RiLA600_STX-16803_-_1bin/120LACHESIS_LIGHT_-_2023-10-10_-_RiLA600_STX-16803_-_1bin/reduced2/120LACHESIS_LIGHT_R_2023-10-10-18-30-55_120sec_RiLA600_STX-16803_-20c_1bin.fits,67305600,True,-32,2,4096,4096,2023-11-08T13:21:51,LIGHT,120.0,120.0,2023-10-11T03:30:55.776,2023-10-10T18:30:55.776,1,1,0.0,9.0,9.0,SBIG STX-16803 3 CCD,-20.0,-20.0,RiLA600,3000,5.0,29.3677125789339,15.0204065495592,52.251692352487,244.067002042049,1.26390114771298,East,0.0,37.308889,127.002,SBIG STX-16803 3 CCD,R,120LACHESIS,01 57 32,+15 00 35,0.0,NanoFocus,437326,437326,21.32,21.32,TOP-DOWN,N.I.N.A. 2.0.2.2017,STX-16803,RiLA600,600,0.618795,,7.282869518393,177.0,True,2023-10-13T23:07:07,,,/mnt/Rdata/OBS_data/asteroid/RiLA600_STX-16803_-_1bin/120LACHESIS_LIGHT_-_2023-10-10_-_RiLA600_STX-16803_-_1bin/master_files_ys/nightskyflat-R.fits,F,adu,,,1.033878458957e-05,0.0001720651771206,-0.00017208300734,1.035861484108e-05,,,,,,,,0.0,60227.771478889,FK5,,2,RA---TAN-SIP,DEC--TAN-SIP,2000.0,180.0,0.0,29.4532086548,15.1059682945,2147.04298401,1948.31583977,deg,deg,1.02675594095e-05,0.000172024202827,-0.000171952101892,1.03696558484e-05,4096,4096,2,0,0,5.92961222202e-07,0,-3.2410043616e-07,-4.72519090016e-07,2,0,0,6.42200246975e-07,0,-1.18501117165e-07,-2.24757489665e-08,2,-0.00021796693076,2.1952926034e-06,-5.92711448698e-07,2.11541968283e-08,3.23846867574e-07,4.72428937255e-07,2,-0.000236478014286,2.08195236617e-06,-6.41952363674e-07,-2.5690600662e-07,1.18447188294e-07,2.24736911767e-08,2023-11-09T07:10:44,6.137926206291127,6.213345445944292,-49.078640980062005,14.734063247140341
35,/mnt/Rdata/OBS_data/asteroid/RiLA600_STX-16803_-_1bin/120LACHESIS_LIGHT_-_2023-10-10_-_RiLA600_STX-16803_-_1bin/reduced2/120LACHESIS_LIGHT_R_2023-10-10-18-33-07_180sec_RiLA600_STX-16803_-20c_1bin.fits,67305600,True,-32,2,4096,4096,2023-11-08T13:21:51,LIGHT,180.0,180.0,2023-10-11T03:33:07.396,2023-10-10T18:33:07.396,1,1,0.0,9.0,9.0,SBIG STX-16803 3 CCD,-20.0,-20.03125,RiLA600,3000,5.0,29.366903507076,15.0199255840621,51.6767092026452,244.895899991664,1.27383407905615,East,0.0,37.308889,127.002,SBIG STX-16803 3 CCD,R,120LACHESIS,01 57 32,+15 00 35,0.0,NanoFocus,437326,437326,21.16,21.16,TOP-DOWN,N.I.N.A. 2.0.2.2017,STX-16803,RiLA600,600,0.618795,,7.183437431662,200.0,True,2023-10-13T23:07:21,,,/mnt/Rdata/OBS_data/asteroid/RiLA600_STX-16803_-_1bin/120LACHESIS_LIGHT_-_2023-10-10_-_RiLA600_STX-16803_-_1bin/master_files_ys/nightskyflat-R.fits,F,adu,,,1.031628776144e-05,0.000172060051859,-0.0001720891383522,1.035827348487e-05,,,,,,,,0.0,60227.773002269,FK5,,2,RA---TAN-SIP,DEC--TAN-SIP,2000.0,180.0,0.0,29.4532018689,15.1059640812,2150.05862427,1951.64334488,deg,deg,1.02708528633e-05,0.000172025087485,-0.000171947735208,1.03658642949e-05,4096,4096,2,0,0,6.09063521419e-07,0,-3.46094705268e-07,-5.06158675213e-07,2,0,0,6.52904860426e-07,0,-1.12918651262e-07,-4.65514281743e-09,2,-0.000218757548874,2.36541964144e-06,-6.08807000433e-07,9.75451129941e-08,3.45814884756e-07,5.06052525389e-07,2,-0.000240410890402,2.17842378097e-06,-6.52658285572e-07,-2.63669205843e-07,1.12869081978e-07,4.65951007582e-09,2023-11-09T07:10:54,6.148650824008541,6.271063722819683,-55.67576484640881,20.358761960842884
36,/mnt/Rdata/OBS_data/asteroid/RiLA600_STX-16803_-_1bin/120LACHESIS_LIGHT_-_2023-10-10_-_RiLA600_STX-16803_-_1bin/reduced2/120LACHESIS_LIGHT_R_2023-10-10-18-36-19_60sec_RiLA600_STX-16803_-20c_1bin.fits,67305600,True,-32,2,4096,4096,2023-11-08T13:21:52,LIGHT,60.0,60.0,2023-10-11T03:36:19.133,2023-10-10T18:36:19.133,1,1,0.0,9.0,9.0,SBIG STX-16803 3 CCD,-20.0,-20.03125,RiLA600,3000,5.0,29.3665888248558,15.019775210012,51.4581560787888,245.204928188095,1.27768443664008,East,0.0,37.308889,127.002,SBIG STX-16803 3 CCD,R,120LACHESIS,01 57 32,+15 00 35,0.0,NanoFocus,437326,437326,21.32,21.32,TOP-DOWN,N.I.N.A. 2.0.2.2017,STX-16803,RiLA600,600,0.618795,,6.602967299439,171.0,True,2023-10-13T23:07:34,,,/mnt/Rdata/OBS_data/asteroid/RiLA600_STX-16803_-_1bin/120LACHESIS_LIGHT_-_2023-10-10_-_RiLA600_STX-16803_-_1bin/master_files_ys/nightskyflat-R.fits,F,adu,,,1.031058957665e-05,0.0001720600814126,-0.000172087918196,1.034599696999e-05,,,,,,,,0.0,60227.775221447,FK5,,2,RA---TAN-SIP,DEC--TAN-SIP,2000.0,180.0,0.0,29.4532124706,15.105963475,2151.93125916,1954.32355881,deg,deg,1.02503259786e-05,0.000172021791104,-0.00017195966317,1.03585646769e-05,4096,4096,2,0,0,5.89151328795e-07,0,-3.32740750107e-07,-4.80964328251e-07,2,0,0,6.38233152526e-07,0,-1.23455450531e-07,-3.40016302271e-08,2,-0.000198463514799,2.17591842132e-06,-5.8891068573e-07,5.7684851981e-08,3.32488324157e-07,4.80859304237e-07,2,-0.000220966258424,2.04789178445e-06,-6.37999426978e-07,-2.50747390962e-07,1.23400442692e-07,3.39946229189e-08,2023-11-09T07:11:04,6.138335237315857,6.297650323052508,-39.64108777776232,9.802925657341603
37,/mnt/Rdata/OBS_data/asteroid/RiLA600_STX-16803_-_1bin/120LACHESIS_LIGHT_-_2023-10-10_-_RiLA600_STX-16803_-_1bin/reduced2/120LACHESIS_LIGHT_R_2023-10-10-18-37-30_90sec_RiLA600_STX-16803_-20c_1bin.fits,67305600,True,-32,2,4096,4096,2023-11-08T13:21:53,LIGHT,90.0,90.0,2023-10-11T03:37:30.794,2023-10-10T18:37:30.794,1,1,0.0,9.0,9.0,SBIG STX-16803 3 CCD,-20.0,-20.03125,RiLA600,3000,5.0,29.3661393219985,15.0195246750274,51.1481315528882,245.637766242302,1.28321838401489,East,0.0,37.308889,127.002,SBIG STX-16803 3 CCD,R,120LACHESIS,01 57 32,+15 00 35,0.0,NanoFocus,437326,437326,21.43,21.43,TOP-DOWN,N.I.N.A. 2.0.2.2017,STX-16803,RiLA600,600,0.618795,,7.071177992474,176.0,True,2023-10-13T23:07:47,,,/mnt/Rdata/OBS_data/asteroid/RiLA600_STX-16803_-_1bin/120LACHESIS_LIGHT_-_2023-10-10_-_RiLA600_STX-16803_-_1bin/master_files_ys/nightskyflat-R.fits,F,adu,,,1.031613771285e-05,0.0001720709087754,-0.000172075209008,1.033830470308e-05,,,,,,,,0.0,60227.776050856,FK5,,2,RA---TAN-SIP,DEC--TAN-SIP,2000.0,180.0,0.0,29.4532157586,15.1059636615,2153.43955994,1955.9556427,deg,deg,1.02492646151e-05,0.000172030110345,-0.000171953561827,1.0352345932e-05,4096,4096,2,0,0,5.87348878517e-07,0,-3.39366660521e-07,-4.78043192425e-07,2,0,0,6.28447765906e-07,0,-1.23978422973e-07,-3.13261730976e-08,2,-0.000192475238528,2.14715373186e-06,-5.87115369313e-07,5.31770275263e-08,3.39114733978e-07,4.77938226758e-07,2,-0.00021194946564,1.98654609823e-06,-6.28224944202e-07,-2.48699365031e-07,1.23924714351e-07,3.13201396221e-08,2023-11-09T07:11:13,6.147106758623124,6.327135137040294,-43.1378910341499,12.774966212710979
38,/mnt/Rdata/OBS_data/asteroid/RiLA600_STX-16803_-_1bin/120LACHESIS_LIGHT_-_2023-10-10_-_RiLA600_STX-16803_-_1bin/reduced2/120LACHESIS_LIGHT_R_2023-10-10-18-39-12_120sec_RiLA600_STX-16803_-20c_1bin.fits,67305600,True,-32,2,4096,4096,2023-11-08T13:21:54,LIGHT,120.0,120.0,2023-10-11T03:39:12.480,2023-10-10T18:39:12.480,1,1,0.0,9.0,9.0,SBIG STX-16803 3 CCD,-20.0,-20.0,RiLA600,3000,5.0,29.3655699546222,15.0192039966024,50.7446056484143,246.191647225232,1.29055015033204,East,0.0,37.308889,127.002,SBIG STX-16803 3 CCD,R,120LACHESIS,01 57 32,+15 00 35,0.0,NanoFocus,437326,437326,21.57,21.57,TOP-DOWN,N.I.N.A. 2.0.2.2017,STX-16803,RiLA600,600,0.618795,,7.025435035604,185.0,True,2023-10-13T23:08:01,,,/mnt/Rdata/OBS_data/asteroid/RiLA600_STX-16803_-_1bin/120LACHESIS_LIGHT_-_2023-10-10_-_RiLA600_STX-16803_-_1bin/master_files_ys/nightskyflat-R.fits,F,adu,,,1.030153405211e-05,0.0001720687614678,-0.0001720865328545,1.033967042372e-05,,,,,,,,0.0,60227.777227778,FK5,,2,RA---TAN-SIP,DEC--TAN-SIP,2000.0,180.0,0.0,29.4532097244,15.1059688563,2155.61083984,1958.33450699,deg,deg,1.02419595843e-05,0.000172024262881,-0.000171954118595,1.03513732924e-05,4096,4096,2,0,0,5.92834582892e-07,0,-3.11411122168e-07,-4.7558765787e-07,2,0,0,6.4208915186e-07,0,-1.21380259235e-07,-2.77527786344e-08,2,-0.000193690918371,2.18470809202e-06,-5.92592311619e-07,2.54661093865e-08,3.11169085513e-07,4.75476861948e-07,2,-0.000217364430873,2.07840604326e-06,-6.41861286116e-07,-2.60352121597e-07,1.21327841739e-07,2.77474889744e-08,2023-11-09T07:11:23,6.154157710331916,6.367718301447987,-46.44210021285744,15.86619745382265
39,/mnt/Rdata/OBS_data/asteroid/RiLA600_STX-16803_-_1bin/120LACHESIS_LIGHT_-_2023-10-10_-_RiLA600_STX-16803_-_1bin/reduced2/120LACHESIS_LIGHT_R_2023-10-10-18-41-24_180sec_RiLA600_STX-16803_-20c_1bin.fits,67305600,True,-32,2,4096,4096,2023-11-08T13:21:54,LIGHT,180.0,180.0,2023-10-11T03:41:24.109,2023-10-10T18:41:24.109,1,1,0.0,9.0,9.0,SBIG STX-16803 3 CCD,-20.0,-20.03125,RiLA600,3000,5.0,29.3647159665386,15.0186729797743,50.1609574584157,246.974826672091,1.30141852109947,East,0.0,37.308889,127.002,SBIG STX-16803 3 CCD,R,120LACHESIS,01 57 32,+15 00 35,0.0,NanoFocus,437326,437326,21.58,21.58,TOP-DOWN,N.I.N.A. 2.0.2.2017,STX-16803,RiLA600,600,0.618795,,7.66991913699,186.0,True,2023-10-13T23:08:15,,,/mnt/Rdata/OBS_data/asteroid/RiLA600_STX-16803_-_1bin/120LACHESIS_LIGHT_-_2023-10-10_-_RiLA600_STX-16803_-_1bin/master_files_ys/nightskyflat-R.fits,F,adu,,,1.028973040558e-05,0.0001720616536662,-0.0001720732222427,1.033600565821e-05,,,,,,,,0.0,60227.778751262,FK5,,2,RA---TAN-SIP,DEC--TAN-SIP,2000.0,180.0,0.0,29.4532027883,15.1059695247,2158.52029419,1961.64060783,deg,deg,1.02387509599e-05,0.000172032756786,-0.000171945633801,1.0345949524e-05,4096,4096,2,0,0,6.29720624897e-07,0,-3.25379743373e-07,-5.35989466561e-07,2,0,0,6.5562156165e-07,0,-1.17225106584e-07,-1.66218162311e-08,2,-0.000192082305479,2.43593114144e-06,-6.29457228484e-07,1.63324412839e-07,3.25099664283e-07,5.35841014719e-07,2,-0.000220959045967,2.18564464547e-06,-6.55393534089e-07,-2.63695318231e-07,1.17174065311e-07,1.66203727424e-08,2023-11-09T07:11:34,6.16780186545796,6.4275146489584145,-52.59960757237991,21.49090955750637
