,file,filesize,SIMPLE,BITPIX,NAXIS,NAXIS1,NAXIS2,FITS-TLM,IMAGETYP,EXPOSURE,EXPTIME,DATE-LOC,DATE-OBS,XBINNING,YBINNING,EGAIN,XPIXSZ,YPIXSZ,INSTRUME,SET-TEMP,CCD-TEMP,TELESCOP,FOCALLEN,FOCRATIO,RA,DEC,CENTALT,CENTAZ,AIRMASS,PIERSIDE,SITEELEV,SITELAT,SITELONG,FWHEEL,FILTER,OBJECT,OBJCTRA,OBJCTDEC,OBJCTROT,FOCNAME,FOCPOS,FOCUSPOS,FOCTEMP,FOCUSTEM,ROWORDER,EQUINOX,SWCREATE,CCDNAME,OPTIC,APATURE,PIXSCALE,FLIPSTAT,FLATFRM,PROCESS,BUNIT,HFD,STARS,CTYPE1,CTYPE2,CUNIT1,CRPIX1,CRPIX2,CRVAL1,CRVAL2,CDELT1,CDELT2,CROTA1,CROTA2,CD1_1,CD1_2,CD2_1,CD2_2,PLTSOLVD,offset_RA(arcmin),offset_DEC(arcmin),offset_AZ(arcmin),offset_ALT(arcmin)
0,/mnt/Rdata/OBS_data/asteroid/RiLA600_STX-16803_-_1bin/678FREDEGUNDIS_LIGHT_-_2023-10-17_-_RiLA600_STX-16803_-_1bin/reduced2/678FREDEGUNDIS_LIGHT_R_2023-10-17-11-08-05_150sec_RiLA600_STX-16803_16c_1bin.fit,67118400,True,-32,2,4096,4096,2023-11-08T13:42:35,LIGHT,150.0,150.0,2023-10-17T20:08:05.642,2023-10-17T11:08:05.642,1,1,0.0,9.0,9.0,SBIG STX-16803 3 CCD,0.0,16.46875,RiLA600,3000,5.0,0.382590755441503,12.746735136344,31.9547888583946,98.0612923723896,1.88483145846421,East,0.0,37.308889,127.002,SBIG STX-16803 3 CCD,R,678FREDEGUNDIS,00 01 32,+12 45 14,0.0,NanoFocus,437231,437231,19.21,19.21,TOP-DOWN,2000.0,N.I.N.A. 2.0.2.2017,STX-16803,RiLA600,600,0.618795,,/mnt/Rdata/OBS_data/asteroid/RiLA600_STX-16803_-_1bin/678FREDEGUNDIS_LIGHT_-_2023-10-17_-_RiLA600_STX-16803_-_1bin/master_files_ys/nightskyflat-R.fits,F,adu,6.750947708871,153.0,RA---TAN,DEC--TAN,deg,2048.5,2048.5,0.4804560990088,12.88957727062,0.0001723599107828,0.0001723825812834,-86.30841486796,-86.32781506129,1.109752152808e-05,0.0001720286503351,-0.0001720022786506,1.10407333914e-05,True,5.871920614037819,8.57052805655968,888.0430320885987,864.1861961119596
1,/mnt/Rdata/OBS_data/asteroid/RiLA600_STX-16803_-_1bin/678FREDEGUNDIS_LIGHT_-_2023-10-17_-_RiLA600_STX-16803_-_1bin/reduced2/678FREDEGUNDIS_LIGHT_R_2023-10-17-11-08-05_150sec_RiLA600_STX-16803_16c_1bin.fits,67207680,True,-32,2,4096,4096,2023-11-08T13:42:35,LIGHT,150.0,150.0,2023-10-17T20:08:05.642,2023-10-17T11:08:05.642,1,1,0.0,9.0,9.0,SBIG STX-16803 3 CCD,0.0,16.46875,RiLA600,3000,5.0,0.382590755441503,12.746735136344,31.9547888583946,98.0612923723896,1.88483145846421,East,0.0,37.308889,127.002,SBIG STX-16803 3 CCD,R,678FREDEGUNDIS,00 01 32,+12 45 14,0.0,NanoFocus,437231,437231,19.21,19.21,TOP-DOWN,2000.0,N.I.N.A. 2.0.2.2017,STX-16803,RiLA600,600,0.618795,,/mnt/Rdata/OBS_data/asteroid/RiLA600_STX-16803_-_1bin/678FREDEGUNDIS_LIGHT_-_2023-10-17_-_RiLA600_STX-16803_-_1bin/master_files_ys/nightskyflat-R.fits,F,adu,6.750947708871,153.0,RA---TAN-SIP,DEC--TAN-SIP,deg,2048.5,2048.5,0.480307537404,12.8896419026,,,,,1.10736586974e-05,0.000172018794784,-0.000172011324464,1.10468529379e-05,True,5.86300691774982,8.574405975360264,888.0471007288969,864.1952878280986
2,/mnt/Rdata/OBS_data/asteroid/RiLA600_STX-16803_-_1bin/678FREDEGUNDIS_LIGHT_-_2023-10-17_-_RiLA600_STX-16803_-_1bin/reduced2/678FREDEGUNDIS_LIGHT_R_2023-10-17-11-10-47_210sec_RiLA600_STX-16803_16c_1bin.fit,67118400,True,-32,2,4096,4096,2023-11-08T13:42:36,LIGHT,210.0,210.0,2023-10-17T20:10:47.293,2023-10-17T11:10:47.293,1,1,0.0,9.0,9.0,SBIG STX-16803 3 CCD,0.0,16.34375,RiLA600,3000,5.0,0.38158630742067,12.7477250516163,31.9561622603021,98.0610192624822,1.88475953084992,East,0.0,37.308889,127.002,SBIG STX-16803 3 CCD,R,678FREDEGUNDIS,00 01 32,+12 45 14,0.0,NanoFocus,437231,437231,18.63,18.63,TOP-DOWN,2000.0,N.I.N.A. 2.0.2.2017,STX-16803,RiLA600,600,0.618795,,/mnt/Rdata/OBS_data/asteroid/RiLA600_STX-16803_-_1bin/678FREDEGUNDIS_LIGHT_-_2023-10-17_-_RiLA600_STX-16803_-_1bin/master_files_ys/nightskyflat-R.fits,F,adu,7.930450190243,156.0,RA---TAN,DEC--TAN,deg,2048.5,2048.5,0.4794583442568,12.88859662329,0.0001723662181048,0.0001723737067456,-86.31889605467,-86.32698817194,1.10664617065e-05,0.0001720196346693,-0.0001720106001648,1.104264757484e-05,True,5.8723222101678,8.452294300421954,933.2725193774502,899.2215970334248
3,/mnt/Rdata/OBS_data/asteroid/RiLA600_STX-16803_-_1bin/678FREDEGUNDIS_LIGHT_-_2023-10-17_-_RiLA600_STX-16803_-_1bin/reduced2/678FREDEGUNDIS_LIGHT_R_2023-10-17-11-10-47_210sec_RiLA600_STX-16803_16c_1bin.fits,67207680,True,-32,2,4096,4096,2023-11-08T13:42:36,LIGHT,210.0,210.0,2023-10-17T20:10:47.293,2023-10-17T11:10:47.293,1,1,0.0,9.0,9.0,SBIG STX-16803 3 CCD,0.0,16.34375,RiLA600,3000,5.0,0.38158630742067,12.7477250516163,31.9561622603021,98.0610192624822,1.88475953084992,East,0.0,37.308889,127.002,SBIG STX-16803 3 CCD,R,678FREDEGUNDIS,00 01 32,+12 45 14,0.0,NanoFocus,437231,437231,18.63,18.63,TOP-DOWN,2000.0,N.I.N.A. 2.0.2.2017,STX-16803,RiLA600,600,0.618795,,/mnt/Rdata/OBS_data/asteroid/RiLA600_STX-16803_-_1bin/678FREDEGUNDIS_LIGHT_-_2023-10-17_-_RiLA600_STX-16803_-_1bin/master_files_ys/nightskyflat-R.fits,F,adu,7.930450190243,156.0,RA---TAN-SIP,DEC--TAN-SIP,deg,2048.5,2048.5,0.479294566238,12.888613153,,,,,1.10642106767e-05,0.000172005411138,-0.000172024820124,1.10441533132e-05,True,5.862495529039799,8.45328608302168,933.2807450374182,899.2294207709799
4,/mnt/Rdata/OBS_data/asteroid/RiLA600_STX-16803_-_1bin/678FREDEGUNDIS_LIGHT_-_2023-10-17_-_RiLA600_STX-16803_-_1bin/reduced2/678FREDEGUNDIS_LIGHT_R_2023-10-17-11-14-29_150sec_RiLA600_STX-16803_16c_1bin.fit,67118400,True,-32,2,4096,4096,2023-11-08T13:42:36,LIGHT,150.0,150.0,2023-10-17T20:14:29.018,2023-10-17T11:14:29.018,1,1,0.0,9.0,9.0,SBIG STX-16803 3 CCD,0.0,16.21875,RiLA600,3000,5.0,0.380941660685462,12.7485349872361,31.9571812655391,98.0607070642825,1.8847061678765,East,0.0,37.308889,127.002,SBIG STX-16803 3 CCD,R,678FREDEGUNDIS,00 01 32,+12 45 14,0.0,NanoFocus,437231,437231,18.19,18.19,TOP-DOWN,2000.0,N.I.N.A. 2.0.2.2017,STX-16803,RiLA600,600,0.618795,,/mnt/Rdata/OBS_data/asteroid/RiLA600_STX-16803_-_1bin/678FREDEGUNDIS_LIGHT_-_2023-10-17_-_RiLA600_STX-16803_-_1bin/master_files_ys/nightskyflat-R.fits,F,adu,6.569338429993,157.0,RA---TAN,DEC--TAN,deg,2048.5,2048.5,0.4783360780605,12.88747784956,0.0001723482204832,0.000172369441378,-86.32015412789,-86.33168791149,1.106152966725e-05,0.0001720162832455,-0.0001719928826003,1.102826456746e-05,True,5.8436650425022805,8.336571739433971,979.3718956577715,934.0878324266743
5,/mnt/Rdata/OBS_data/asteroid/RiLA600_STX-16803_-_1bin/678FREDEGUNDIS_LIGHT_-_2023-10-17_-_RiLA600_STX-16803_-_1bin/reduced2/678FREDEGUNDIS_LIGHT_R_2023-10-17-11-14-29_150sec_RiLA600_STX-16803_16c_1bin.fits,67207680,True,-32,2,4096,4096,2023-11-08T13:42:36,LIGHT,150.0,150.0,2023-10-17T20:14:29.018,2023-10-17T11:14:29.018,1,1,0.0,9.0,9.0,SBIG STX-16803 3 CCD,0.0,16.21875,RiLA600,3000,5.0,0.380941660685462,12.7485349872361,31.9571812655391,98.0607070642825,1.8847061678765,East,0.0,37.308889,127.002,SBIG STX-16803 3 CCD,R,678FREDEGUNDIS,00 01 32,+12 45 14,0.0,NanoFocus,437231,437231,18.19,18.19,TOP-DOWN,2000.0,N.I.N.A. 2.0.2.2017,STX-16803,RiLA600,600,0.618795,,/mnt/Rdata/OBS_data/asteroid/RiLA600_STX-16803_-_1bin/678FREDEGUNDIS_LIGHT_-_2023-10-17_-_RiLA600_STX-16803_-_1bin/master_files_ys/nightskyflat-R.fits,F,adu,6.569338429993,157.0,RA---TAN-SIP,DEC--TAN-SIP,deg,2048.5,2048.5,0.478205242286,12.8875592139,,,,,1.10668378327e-05,0.000172012273952,-0.000171998859863,1.10362674423e-05,True,5.8358148960322795,8.341453599834274,979.3740978602921,934.0967870609819
6,/mnt/Rdata/OBS_data/asteroid/RiLA600_STX-16803_-_1bin/678FREDEGUNDIS_LIGHT_-_2023-10-17_-_RiLA600_STX-16803_-_1bin/reduced2/678FREDEGUNDIS_LIGHT_R_2023-10-17-11-17-10_210sec_RiLA600_STX-16803_16c_1bin.fit,67118400,True,-32,2,4096,4096,2023-11-08T13:42:36,LIGHT,210.0,210.0,2023-10-17T20:17:10.738,2023-10-17T11:17:10.738,1,1,0.0,9.0,9.0,SBIG STX-16803 3 CCD,0.0,16.03125,RiLA600,3000,5.0,0.379937212751794,12.7495649011903,31.9585007517597,98.0603156413689,1.8846370747515,East,0.0,37.308889,127.002,SBIG STX-16803 3 CCD,R,678FREDEGUNDIS,00 01 32,+12 45 14,0.0,NanoFocus,437231,437231,17.45,17.45,TOP-DOWN,2000.0,N.I.N.A. 2.0.2.2017,STX-16803,RiLA600,600,0.618795,,/mnt/Rdata/OBS_data/asteroid/RiLA600_STX-16803_-_1bin/678FREDEGUNDIS_LIGHT_-_2023-10-17_-_RiLA600_STX-16803_-_1bin/master_files_ys/nightskyflat-R.fits,F,adu,7.803704197824,154.0,RA---TAN,DEC--TAN,deg,2048.5,2048.5,0.4772195729553,12.88647507667,0.0001723782853782,0.0001723811971822,-86.3233558332,-86.33261762569,1.105384656311e-05,0.0001720281939044,-0.00017202350347,1.102622528168e-05,True,5.83694161221036,8.214610528781705,1026.3335204820703,968.7253859141595
7,/mnt/Rdata/OBS_data/asteroid/RiLA600_STX-16803_-_1bin/678FREDEGUNDIS_LIGHT_-_2023-10-17_-_RiLA600_STX-16803_-_1bin/reduced2/678FREDEGUNDIS_LIGHT_R_2023-10-17-11-17-10_210sec_RiLA600_STX-16803_16c_1bin.fits,67207680,True,-32,2,4096,4096,2023-11-08T13:42:36,LIGHT,210.0,210.0,2023-10-17T20:17:10.738,2023-10-17T11:17:10.738,1,1,0.0,9.0,9.0,SBIG STX-16803 3 CCD,0.0,16.03125,RiLA600,3000,5.0,0.379937212751794,12.7495649011903,31.9585007517597,98.0603156413689,1.8846370747515,East,0.0,37.308889,127.002,SBIG STX-16803 3 CCD,R,678FREDEGUNDIS,00 01 32,+12 45 14,0.0,NanoFocus,437231,437231,17.45,17.45,TOP-DOWN,2000.0,N.I.N.A. 2.0.2.2017,STX-16803,RiLA600,600,0.618795,,/mnt/Rdata/OBS_data/asteroid/RiLA600_STX-16803_-_1bin/678FREDEGUNDIS_LIGHT_-_2023-10-17_-_RiLA600_STX-16803_-_1bin/master_files_ys/nightskyflat-R.fits,F,adu,7.803704197824,154.0,RA---TAN-SIP,DEC--TAN-SIP,deg,2048.5,2048.5,0.477047962343,12.8865395394,,,,,1.10458989781e-05,0.000172030289625,-0.000172004159238,1.10378131038e-05,True,5.8266449754723615,8.218478292582247,1026.3393693883572,968.7354088378196
8,/mnt/Rdata/OBS_data/asteroid/RiLA600_STX-16803_-_1bin/678FREDEGUNDIS_LIGHT_-_2023-10-17_-_RiLA600_STX-16803_-_1bin/reduced2/678FREDEGUNDIS_LIGHT_R_2023-10-17-11-20-52_150sec_RiLA600_STX-16803_15c_1bin.fit,67118400,True,-32,2,4096,4096,2023-11-08T13:42:37,LIGHT,150.0,150.0,2023-10-17T20:20:52.463,2023-10-17T11:20:52.463,1,1,0.0,9.0,9.0,SBIG STX-16803 3 CCD,0.0,15.9375,RiLA600,3000,5.0,0.379232599529789,12.7502748396501,31.9595267550872,98.060169051303,1.88458335363654,East,0.0,37.308889,127.002,SBIG STX-16803 3 CCD,R,678FREDEGUNDIS,00 01 32,+12 45 14,0.0,NanoFocus,437231,437231,17.65,17.65,TOP-DOWN,2000.0,N.I.N.A. 2.0.2.2017,STX-16803,RiLA600,600,0.618795,,/mnt/Rdata/OBS_data/asteroid/RiLA600_STX-16803_-_1bin/678FREDEGUNDIS_LIGHT_-_2023-10-17_-_RiLA600_STX-16803_-_1bin/master_files_ys/nightskyflat-R.fits,F,adu,6.542359168346,160.0,RA---TAN,DEC--TAN,deg,2048.5,2048.5,0.4762290709149,12.88561973875,0.0001723467273714,0.0001723719154246,-86.32585967255,-86.33807963036,1.104430678685e-05,0.0001720199814455,-0.0001719924932177,1.100923297269e-05,True,5.819788283106662,8.120693945993693,1074.1644678952869,1003.1573226247016
9,/mnt/Rdata/OBS_data/asteroid/RiLA600_STX-16803_-_1bin/678FREDEGUNDIS_LIGHT_-_2023-10-17_-_RiLA600_STX-16803_-_1bin/reduced2/678FREDEGUNDIS_LIGHT_R_2023-10-17-11-20-52_150sec_RiLA600_STX-16803_15c_1bin.fits,67207680,True,-32,2,4096,4096,2023-11-08T13:42:37,LIGHT,150.0,150.0,2023-10-17T20:20:52.463,2023-10-17T11:20:52.463,1,1,0.0,9.0,9.0,SBIG STX-16803 3 CCD,0.0,15.9375,RiLA600,3000,5.0,0.379232599529789,12.7502748396501,31.9595267550872,98.060169051303,1.88458335363654,East,0.0,37.308889,127.002,SBIG STX-16803 3 CCD,R,678FREDEGUNDIS,00 01 32,+12 45 14,0.0,NanoFocus,437231,437231,17.65,17.65,TOP-DOWN,2000.0,N.I.N.A. 2.0.2.2017,STX-16803,RiLA600,600,0.618795,,/mnt/Rdata/OBS_data/asteroid/RiLA600_STX-16803_-_1bin/678FREDEGUNDIS_LIGHT_-_2023-10-17_-_RiLA600_STX-16803_-_1bin/master_files_ys/nightskyflat-R.fits,F,adu,6.542359168346,160.0,RA---TAN-SIP,DEC--TAN-SIP,deg,2048.5,2048.5,0.476124708097,12.8857073854,,,,,1.10346334754e-05,0.000172024485191,-0.000172000530207,1.10199001175e-05,True,5.813526514032662,8.125952744993796,1074.1649008650388,1003.1653747680841
10,/mnt/Rdata/OBS_data/asteroid/RiLA600_STX-16803_-_1bin/678FREDEGUNDIS_LIGHT_-_2023-10-17_-_RiLA600_STX-16803_-_1bin/reduced2/678FREDEGUNDIS_LIGHT_R_2023-10-17-11-23-34_210sec_RiLA600_STX-16803_15c_1bin.fit,67118400,True,-32,2,4096,4096,2023-11-08T13:42:37,LIGHT,210.0,210.0,2023-10-17T20:23:34.157,2023-10-17T11:23:34.157,1,1,0.0,9.0,9.0,SBIG STX-16803 3 CCD,0.0,15.9375,RiLA600,3000,5.0,0.378363075428059,12.7512747542905,31.9607991362375,98.0597957487398,1.8845167373491,East,0.0,37.308889,127.002,SBIG STX-16803 3 CCD,R,678FREDEGUNDIS,00 01 32,+12 45 14,0.0,NanoFocus,437231,437231,17.58,17.58,TOP-DOWN,2000.0,N.I.N.A. 2.0.2.2017,STX-16803,RiLA600,600,0.618795,,/mnt/Rdata/OBS_data/asteroid/RiLA600_STX-16803_-_1bin/678FREDEGUNDIS_LIGHT_-_2023-10-17_-_RiLA600_STX-16803_-_1bin/master_files_ys/nightskyflat-R.fits,F,adu,7.253961029228,166.0,RA---TAN,DEC--TAN,deg,2048.5,2048.5,0.4752226918533,12.88479339124,0.0001723549534026,0.0001723865116188,-86.32437574564,-86.33940511337,1.104928863971e-05,0.000172034802502,-0.0001720004162291,1.100618536042e-05,True,5.81157698551446,8.01111821696967,1122.9345575077768,1037.3351582244434
11,/mnt/Rdata/OBS_data/asteroid/RiLA600_STX-16803_-_1bin/678FREDEGUNDIS_LIGHT_-_2023-10-17_-_RiLA600_STX-16803_-_1bin/reduced2/678FREDEGUNDIS_LIGHT_R_2023-10-17-11-23-34_210sec_RiLA600_STX-16803_15c_1bin.fits,67207680,True,-32,2,4096,4096,2023-11-08T13:42:37,LIGHT,210.0,210.0,2023-10-17T20:23:34.157,2023-10-17T11:23:34.157,1,1,0.0,9.0,9.0,SBIG STX-16803 3 CCD,0.0,15.9375,RiLA600,3000,5.0,0.378363075428059,12.7512747542905,31.9607991362375,98.0597957487398,1.8845167373491,East,0.0,37.308889,127.002,SBIG STX-16803 3 CCD,R,678FREDEGUNDIS,00 01 32,+12 45 14,0.0,NanoFocus,437231,437231,17.58,17.58,TOP-DOWN,2000.0,N.I.N.A. 2.0.2.2017,STX-16803,RiLA600,600,0.618795,,/mnt/Rdata/OBS_data/asteroid/RiLA600_STX-16803_-_1bin/678FREDEGUNDIS_LIGHT_-_2023-10-17_-_RiLA600_STX-16803_-_1bin/master_files_ys/nightskyflat-R.fits,F,adu,7.253961029228,166.0,RA---TAN-SIP,DEC--TAN-SIP,deg,2048.5,2048.5,0.475101712327,12.8848922439,,,,,1.10320981185e-05,0.000172030372345,-0.000172000738815,1.10206947905e-05,True,5.804318213936458,8.017049376569823,1122.935357245524,1037.344376744579
12,/mnt/Rdata/OBS_data/asteroid/RiLA600_STX-16803_-_1bin/678FREDEGUNDIS_LIGHT_-_2023-10-17_-_RiLA600_STX-16803_-_1bin/reduced2/678FREDEGUNDIS_LIGHT_R_2023-10-17-11-27-15_150sec_RiLA600_STX-16803_15c_1bin.fit,67118400,True,-32,2,4096,4096,2023-11-08T13:42:37,LIGHT,150.0,150.0,2023-10-17T20:27:15.876,2023-10-17T11:27:15.876,1,1,0.0,9.0,9.0,SBIG STX-16803 3 CCD,0.0,15.9375,RiLA600,3000,5.0,0.377613487835226,12.752034691707,31.9618364212701,98.0595715963698,1.8844624338144,East,0.0,37.308889,127.002,SBIG STX-16803 3 CCD,R,678FREDEGUNDIS,00 01 32,+12 45 14,0.0,NanoFocus,437231,437231,17.44,17.44,TOP-DOWN,2000.0,N.I.N.A. 2.0.2.2017,STX-16803,RiLA600,600,0.618795,,/mnt/Rdata/OBS_data/asteroid/RiLA600_STX-16803_-_1bin/678FREDEGUNDIS_LIGHT_-_2023-10-17_-_RiLA600_STX-16803_-_1bin/master_files_ys/nightskyflat-R.fits,F,adu,6.618574873538,162.0,RA---TAN,DEC--TAN,deg,2048.5,2048.5,0.4742169329901,12.88389333768,0.0001723509986332,0.0001723768768304,-86.32668009428,-86.34215547494,1.104211766437e-05,0.0001720257154716,-0.0001719969138309,1.099731250341e-05,True,5.796206709292438,7.911518758380467,1172.6769953905632,1071.28124290714
13,/mnt/Rdata/OBS_data/asteroid/RiLA600_STX-16803_-_1bin/678FREDEGUNDIS_LIGHT_-_2023-10-17_-_RiLA600_STX-16803_-_1bin/reduced2/678FREDEGUNDIS_LIGHT_R_2023-10-17-11-27-15_150sec_RiLA600_STX-16803_15c_1bin.fits,67207680,True,-32,2,4096,4096,2023-11-08T13:42:37,LIGHT,150.0,150.0,2023-10-17T20:27:15.876,2023-10-17T11:27:15.876,1,1,0.0,9.0,9.0,SBIG STX-16803 3 CCD,0.0,15.9375,RiLA600,3000,5.0,0.377613487835226,12.752034691707,31.9618364212701,98.0595715963698,1.8844624338144,East,0.0,37.308889,127.002,SBIG STX-16803 3 CCD,R,678FREDEGUNDIS,00 01 32,+12 45 14,0.0,NanoFocus,437231,437231,17.44,17.44,TOP-DOWN,2000.0,N.I.N.A. 2.0.2.2017,STX-16803,RiLA600,600,0.618795,,/mnt/Rdata/OBS_data/asteroid/RiLA600_STX-16803_-_1bin/678FREDEGUNDIS_LIGHT_-_2023-10-17_-_RiLA600_STX-16803_-_1bin/master_files_ys/nightskyflat-R.fits,F,adu,6.618574873538,162.0,RA---TAN-SIP,DEC--TAN-SIP,deg,2048.5,2048.5,0.474064538272,12.8839553813,,,,,1.10222879403e-05,0.000172002747907,-0.000172009271643,1.10074652828e-05,True,5.7870630262064395,7.9152413755799245,1172.6823590381603,1071.2902615804344
14,/mnt/Rdata/OBS_data/asteroid/RiLA600_STX-16803_-_1bin/678FREDEGUNDIS_LIGHT_-_2023-10-17_-_RiLA600_STX-16803_-_1bin/reduced2/678FREDEGUNDIS_LIGHT_R_2023-10-17-11-29-57_210sec_RiLA600_STX-16803_15c_1bin.fit,67118400,True,-32,2,4096,4096,2023-11-08T13:42:38,LIGHT,210.0,210.0,2023-10-17T20:29:57.554,2023-10-17T11:29:57.554,1,1,0.0,9.0,9.0,SBIG STX-16803 3 CCD,0.0,15.84375,RiLA600,3000,5.0,0.376713980698159,12.7530546057418,31.9631323418133,98.0591891857377,1.88439459553657,East,0.0,37.308889,127.002,SBIG STX-16803 3 CCD,R,678FREDEGUNDIS,00 01 32,+12 45 14,0.0,NanoFocus,437231,437231,17.38,17.38,TOP-DOWN,2000.0,N.I.N.A. 2.0.2.2017,STX-16803,RiLA600,600,0.618795,,/mnt/Rdata/OBS_data/asteroid/RiLA600_STX-16803_-_1bin/678FREDEGUNDIS_LIGHT_-_2023-10-17_-_RiLA600_STX-16803_-_1bin/master_files_ys/nightskyflat-R.fits,F,adu,7.05551787248,171.0,RA---TAN,DEC--TAN,deg,2048.5,2048.5,0.4731489494176,12.88319847392,0.0001722443054404,0.0001723603886673,-86.34459267633,-86.33193339634,1.098154283169e-05,0.0001720072963291,-0.0001718938814318,1.102694840305e-05,True,5.786098123166461,7.808632090692207,1223.415018203922,1104.9563338058445
15,/mnt/Rdata/OBS_data/asteroid/RiLA600_STX-16803_-_1bin/678FREDEGUNDIS_LIGHT_-_2023-10-17_-_RiLA600_STX-16803_-_1bin/reduced2/678FREDEGUNDIS_LIGHT_R_2023-10-17-11-29-57_210sec_RiLA600_STX-16803_15c_1bin.fits,67207680,True,-32,2,4096,4096,2023-11-08T13:42:38,LIGHT,210.0,210.0,2023-10-17T20:29:57.554,2023-10-17T11:29:57.554,1,1,0.0,9.0,9.0,SBIG STX-16803 3 CCD,0.0,15.84375,RiLA600,3000,5.0,0.376713980698159,12.7530546057418,31.9631323418133,98.0591891857377,1.88439459553657,East,0.0,37.308889,127.002,SBIG STX-16803 3 CCD,R,678FREDEGUNDIS,00 01 32,+12 45 14,0.0,NanoFocus,437231,437231,17.38,17.38,TOP-DOWN,2000.0,N.I.N.A. 2.0.2.2017,STX-16803,RiLA600,600,0.618795,,/mnt/Rdata/OBS_data/asteroid/RiLA600_STX-16803_-_1bin/678FREDEGUNDIS_LIGHT_-_2023-10-17_-_RiLA600_STX-16803_-_1bin/master_files_ys/nightskyflat-R.fits,F,adu,7.05551787248,171.0,RA---TAN-SIP,DEC--TAN-SIP,deg,2048.5,2048.5,0.473039547162,12.8831584222,,,,,1.10101373943e-05,0.000172019458593,-0.000172001956869,1.09908797496e-05,True,5.77953398783046,7.806228987491828,1223.424709941081,1104.959253638769
16,/mnt/Rdata/OBS_data/asteroid/RiLA600_STX-16803_-_1bin/678FREDEGUNDIS_LIGHT_-_2023-10-17_-_RiLA600_STX-16803_-_1bin/reduced2/678FREDEGUNDIS_LIGHT_R_2023-10-17-11-33-39_150sec_RiLA600_STX-16803_15c_1bin.fit,67118400,True,-32,2,4096,4096,2023-11-08T13:42:38,LIGHT,150.0,150.0,2023-10-17T20:33:39.268,2023-10-17T11:33:39.268,1,1,0.0,9.0,9.0,SBIG STX-16803 3 CCD,0.0,15.75,RiLA600,3000,5.0,0.376024359068612,12.753784543499,31.9641046199729,98.0589534690644,1.88434370296955,East,0.0,37.308889,127.002,SBIG STX-16803 3 CCD,R,678FREDEGUNDIS,00 01 32,+12 45 14,0.0,NanoFocus,437231,437231,17.32,17.32,TOP-DOWN,2000.0,N.I.N.A. 2.0.2.2017,STX-16803,RiLA600,600,0.618795,,/mnt/Rdata/OBS_data/asteroid/RiLA600_STX-16803_-_1bin/678FREDEGUNDIS_LIGHT_-_2023-10-17_-_RiLA600_STX-16803_-_1bin/master_files_ys/nightskyflat-R.fits,F,adu,6.500260349672,160.0,RA---TAN,DEC--TAN,deg,2048.5,2048.5,0.4721563412911,12.88231434553,0.0001723614498231,0.0001723830975886,-86.33698921346,-86.34424714395,1.10118381188e-05,0.0001720323249304,-0.0001720093276726,1.099142908315e-05,True,5.767918933349282,7.71178812186033,1275.2063120256403,1138.3740029164128
17,/mnt/Rdata/OBS_data/asteroid/RiLA600_STX-16803_-_1bin/678FREDEGUNDIS_LIGHT_-_2023-10-17_-_RiLA600_STX-16803_-_1bin/reduced2/678FREDEGUNDIS_LIGHT_R_2023-10-17-11-33-39_150sec_RiLA600_STX-16803_15c_1bin.fits,67207680,True,-32,2,4096,4096,2023-11-08T13:42:38,LIGHT,150.0,150.0,2023-10-17T20:33:39.268,2023-10-17T11:33:39.268,1,1,0.0,9.0,9.0,SBIG STX-16803 3 CCD,0.0,15.75,RiLA600,3000,5.0,0.376024359068612,12.753784543499,31.9641046199729,98.0589534690644,1.88434370296955,East,0.0,37.308889,127.002,SBIG STX-16803 3 CCD,R,678FREDEGUNDIS,00 01 32,+12 45 14,0.0,NanoFocus,437231,437231,17.32,17.32,TOP-DOWN,2000.0,N.I.N.A. 2.0.2.2017,STX-16803,RiLA600,600,0.618795,,/mnt/Rdata/OBS_data/asteroid/RiLA600_STX-16803_-_1bin/678FREDEGUNDIS_LIGHT_-_2023-10-17_-_RiLA600_STX-16803_-_1bin/master_files_ys/nightskyflat-R.fits,F,adu,6.500260349672,160.0,RA---TAN-SIP,DEC--TAN-SIP,deg,2048.5,2048.5,0.472006468023,12.8823911288,,,,,1.10106217582e-05,0.000172011702565,-0.000172012262968,1.09871431223e-05,True,5.758926537263282,7.716395118059687,1275.2108782154883,1138.3834788993795
18,/mnt/Rdata/OBS_data/asteroid/RiLA600_STX-16803_-_1bin/678FREDEGUNDIS_LIGHT_-_2023-10-17_-_RiLA600_STX-16803_-_1bin/reduced2/678FREDEGUNDIS_LIGHT_R_2023-10-17-11-36-20_210sec_RiLA600_STX-16803_15c_1bin.fit,67118400,True,-32,2,4096,4096,2023-11-08T13:42:38,LIGHT,210.0,210.0,2023-10-17T20:36:20.997,2023-10-17T11:36:20.997,1,1,0.0,9.0,9.0,SBIG STX-16803 3 CCD,0.0,15.71875,RiLA600,3000,5.0,0.375004919367124,12.7546844615776,31.9654491876086,98.0587864905467,1.88427332881842,East,0.0,37.308889,127.002,SBIG STX-16803 3 CCD,R,678FREDEGUNDIS,00 01 32,+12 45 14,0.0,NanoFocus,437231,437231,17.19,17.19,TOP-DOWN,2000.0,N.I.N.A. 2.0.2.2017,STX-16803,RiLA600,600,0.618795,,/mnt/Rdata/OBS_data/asteroid/RiLA600_STX-16803_-_1bin/678FREDEGUNDIS_LIGHT_-_2023-10-17_-_RiLA600_STX-16803_-_1bin/master_files_ys/nightskyflat-R.fits,F,adu,6.953456528271,176.0,RA---TAN,DEC--TAN,deg,2048.5,2048.5,0.4711161681305,12.88157409513,0.0001723710212151,0.0001723874635042,-86.34086076641,-86.34659011912,1.100082604407e-05,0.000172037131298,-0.0001720196232442,1.098467241933e-05,True,5.766674925802561,7.613378013144327,1328.0745725762438,1171.4944929119613
19,/mnt/Rdata/OBS_data/asteroid/RiLA600_STX-16803_-_1bin/678FREDEGUNDIS_LIGHT_-_2023-10-17_-_RiLA600_STX-16803_-_1bin/reduced2/678FREDEGUNDIS_LIGHT_R_2023-10-17-11-36-20_210sec_RiLA600_STX-16803_15c_1bin.fits,67207680,True,-32,2,4096,4096,2023-11-08T13:42:38,LIGHT,210.0,210.0,2023-10-17T20:36:20.997,2023-10-17T11:36:20.997,1,1,0.0,9.0,9.0,SBIG STX-16803 3 CCD,0.0,15.71875,RiLA600,3000,5.0,0.375004919367124,12.7546844615776,31.9654491876086,98.0587864905467,1.88427332881842,East,0.0,37.308889,127.002,SBIG STX-16803 3 CCD,R,678FREDEGUNDIS,00 01 32,+12 45 14,0.0,NanoFocus,437231,437231,17.19,17.19,TOP-DOWN,2000.0,N.I.N.A. 2.0.2.2017,STX-16803,RiLA600,600,0.618795,,/mnt/Rdata/OBS_data/asteroid/RiLA600_STX-16803_-_1bin/678FREDEGUNDIS_LIGHT_-_2023-10-17_-_RiLA600_STX-16803_-_1bin/master_files_ys/nightskyflat-R.fits,F,adu,6.953456528271,176.0,RA---TAN-SIP,DEC--TAN-SIP,deg,2048.5,2048.5,0.470957253717,12.8816404363,,,,,1.10031206975e-05,0.000172015759827,-0.000172006643948,1.09792300157e-05,True,5.757140060992559,7.6173584833441765,1328.0806401113612,1171.503872299149
20,/mnt/Rdata/OBS_data/asteroid/RiLA600_STX-16803_-_1bin/678FREDEGUNDIS_LIGHT_-_2023-10-17_-_RiLA600_STX-16803_-_1bin/reduced2/678FREDEGUNDIS_LIGHT_R_2023-10-17-11-40-02_150sec_RiLA600_STX-16803_15c_1bin.fit,67118400,True,-32,2,4096,4096,2023-11-08T13:42:39,LIGHT,150.0,150.0,2023-10-17T20:40:02.715,2023-10-17T11:40:02.715,1,1,0.0,9.0,9.0,SBIG STX-16803 3 CCD,0.0,15.6875,RiLA600,3000,5.0,0.374300306515676,12.7554843976317,31.9664623272434,98.0584837623647,1.88422030561968,East,0.0,37.308889,127.002,SBIG STX-16803 3 CCD,R,678FREDEGUNDIS,00 01 32,+12 45 14,0.0,NanoFocus,437231,437231,17.39,17.39,TOP-DOWN,2000.0,N.I.N.A. 2.0.2.2017,STX-16803,RiLA600,600,0.618795,,/mnt/Rdata/OBS_data/asteroid/RiLA600_STX-16803_-_1bin/678FREDEGUNDIS_LIGHT_-_2023-10-17_-_RiLA600_STX-16803_-_1bin/master_files_ys/nightskyflat-R.fits,F,adu,6.19152599044,160.0,RA---TAN,DEC--TAN,deg,2048.5,2048.5,0.4701609006777,12.88073233118,0.0001723636923783,0.0001723800168297,-86.33957585992,-86.3528702153,1.10042158324e-05,0.0001720309026834,-0.0001720120626125,1.09653419526e-05,True,5.751635649721441,7.514876012897993,1382.0727131357798,1204.3257182320397
21,/mnt/Rdata/OBS_data/asteroid/RiLA600_STX-16803_-_1bin/678FREDEGUNDIS_LIGHT_-_2023-10-17_-_RiLA600_STX-16803_-_1bin/reduced2/678FREDEGUNDIS_LIGHT_R_2023-10-17-11-40-02_150sec_RiLA600_STX-16803_15c_1bin.fits,67207680,True,-32,2,4096,4096,2023-11-08T13:42:39,LIGHT,150.0,150.0,2023-10-17T20:40:02.715,2023-10-17T11:40:02.715,1,1,0.0,9.0,9.0,SBIG STX-16803 3 CCD,0.0,15.6875,RiLA600,3000,5.0,0.374300306515676,12.7554843976317,31.9664623272434,98.0584837623647,1.88422030561968,East,0.0,37.308889,127.002,SBIG STX-16803 3 CCD,R,678FREDEGUNDIS,00 01 32,+12 45 14,0.0,NanoFocus,437231,437231,17.39,17.39,TOP-DOWN,2000.0,N.I.N.A. 2.0.2.2017,STX-16803,RiLA600,600,0.618795,,/mnt/Rdata/OBS_data/asteroid/RiLA600_STX-16803_-_1bin/678FREDEGUNDIS_LIGHT_-_2023-10-17_-_RiLA600_STX-16803_-_1bin/master_files_ys/nightskyflat-R.fits,F,adu,6.19152599044,160.0,RA---TAN-SIP,DEC--TAN-SIP,deg,2048.5,2048.5,0.470030713977,12.8808184308,,,,,1.09902785749e-05,0.000172007410884,-0.000172001053938,1.09636241961e-05,True,5.743824447679443,7.520041990098356,1382.075693947105,1204.3347356191546
22,/mnt/Rdata/OBS_data/asteroid/RiLA600_STX-16803_-_1bin/678FREDEGUNDIS_LIGHT_-_2023-10-17_-_RiLA600_STX-16803_-_1bin/reduced2/678FREDEGUNDIS_LIGHT_R_2023-10-17-11-42-44_210sec_RiLA600_STX-16803_15c_1bin.fit,67118400,True,-32,2,4096,4096,2023-11-08T13:42:39,LIGHT,210.0,210.0,2023-10-17T20:42:44.458,2023-10-17T11:42:44.458,1,1,0.0,9.0,9.0,SBIG STX-16803 3 CCD,0.0,15.59375,RiLA600,3000,5.0,0.373370816080689,12.7563943152115,31.967741497284,98.0582468121307,1.88415336465893,East,0.0,37.308889,127.002,SBIG STX-16803 3 CCD,R,678FREDEGUNDIS,00 01 32,+12 45 14,0.0,NanoFocus,437231,437231,17.45,17.45,TOP-DOWN,2000.0,N.I.N.A. 2.0.2.2017,STX-16803,RiLA600,600,0.618795,,/mnt/Rdata/OBS_data/asteroid/RiLA600_STX-16803_-_1bin/678FREDEGUNDIS_LIGHT_-_2023-10-17_-_RiLA600_STX-16803_-_1bin/master_files_ys/nightskyflat-R.fits,F,adu,6.855849417029,173.0,RA---TAN,DEC--TAN,deg,2048.5,2048.5,0.4690309977644,12.88038933762,0.0001722742967908,0.0001723683930539,-86.35726070029,-86.34788018915,1.094544254468e-05,0.000172018346863,-0.0001719262359916,1.097958407731e-05,True,5.739610901022659,7.439701344510148,1437.2164766623087,1236.8598323752763
23,/mnt/Rdata/OBS_data/asteroid/RiLA600_STX-16803_-_1bin/678FREDEGUNDIS_LIGHT_-_2023-10-17_-_RiLA600_STX-16803_-_1bin/reduced2/678FREDEGUNDIS_LIGHT_R_2023-10-17-11-42-44_210sec_RiLA600_STX-16803_15c_1bin.fits,67207680,True,-32,2,4096,4096,2023-11-08T13:42:39,LIGHT,210.0,210.0,2023-10-17T20:42:44.458,2023-10-17T11:42:44.458,1,1,0.0,9.0,9.0,SBIG STX-16803 3 CCD,0.0,15.59375,RiLA600,3000,5.0,0.373370816080689,12.7563943152115,31.967741497284,98.0582468121307,1.88415336465893,East,0.0,37.308889,127.002,SBIG STX-16803 3 CCD,R,678FREDEGUNDIS,00 01 32,+12 45 14,0.0,NanoFocus,437231,437231,17.45,17.45,TOP-DOWN,2000.0,N.I.N.A. 2.0.2.2017,STX-16803,RiLA600,600,0.618795,,/mnt/Rdata/OBS_data/asteroid/RiLA600_STX-16803_-_1bin/678FREDEGUNDIS_LIGHT_-_2023-10-17_-_RiLA600_STX-16803_-_1bin/master_files_ys/nightskyflat-R.fits,F,adu,6.855849417029,173.0,RA---TAN-SIP,DEC--TAN-SIP,deg,2048.5,2048.5,0.468945278178,12.8803525754,,,,,1.09893411729e-05,0.000172011463125,-0.000172013644406,1.09591501028e-05,True,5.734467725838661,7.437495611309792,1437.2249447051388,1236.8617111770252
24,/mnt/Rdata/OBS_data/asteroid/RiLA600_STX-16803_-_1bin/678FREDEGUNDIS_LIGHT_-_2023-10-17_-_RiLA600_STX-16803_-_1bin/reduced2/678FREDEGUNDIS_LIGHT_R_2023-10-17-11-46-26_150sec_RiLA600_STX-16803_15c_1bin.fit,67118400,True,-32,2,4096,4096,2023-11-08T13:42:39,LIGHT,150.0,150.0,2023-10-17T20:46:26.135,2023-10-17T11:46:26.135,1,1,0.0,9.0,9.0,SBIG STX-16803 3 CCD,0.0,15.5625,RiLA600,3000,5.0,0.372666202919746,12.7571142533415,31.9687079257311,98.0580206228733,1.88410279371233,East,0.0,37.308889,127.002,SBIG STX-16803 3 CCD,R,678FREDEGUNDIS,00 01 32,+12 45 14,0.0,NanoFocus,437231,437231,17.7,17.7,TOP-DOWN,2000.0,N.I.N.A. 2.0.2.2017,STX-16803,RiLA600,600,0.618795,,/mnt/Rdata/OBS_data/asteroid/RiLA600_STX-16803_-_1bin/678FREDEGUNDIS_LIGHT_-_2023-10-17_-_RiLA600_STX-16803_-_1bin/master_files_ys/nightskyflat-R.fits,F,adu,5.987839163922,168.0,RA---TAN,DEC--TAN,deg,2048.5,2048.5,0.4680834434335,12.87954826623,0.0001723664971754,0.0001723772458711,-86.3502104486,-86.3559423734,1.097246727428e-05,0.0001720287250336,-0.0001720169012348,1.095594164831e-05,True,5.725034430825239,7.346040773310172,1493.5680112597133,1269.043410785544
25,/mnt/Rdata/OBS_data/asteroid/RiLA600_STX-16803_-_1bin/678FREDEGUNDIS_LIGHT_-_2023-10-17_-_RiLA600_STX-16803_-_1bin/reduced2/678FREDEGUNDIS_LIGHT_R_2023-10-17-11-46-26_150sec_RiLA600_STX-16803_15c_1bin.fits,67207680,True,-32,2,4096,4096,2023-11-08T13:42:39,LIGHT,150.0,150.0,2023-10-17T20:46:26.135,2023-10-17T11:46:26.135,1,1,0.0,9.0,9.0,SBIG STX-16803 3 CCD,0.0,15.5625,RiLA600,3000,5.0,0.372666202919746,12.7571142533415,31.9687079257311,98.0580206228733,1.88410279371233,East,0.0,37.308889,127.002,SBIG STX-16803 3 CCD,R,678FREDEGUNDIS,00 01 32,+12 45 14,0.0,NanoFocus,437231,437231,17.7,17.7,TOP-DOWN,2000.0,N.I.N.A. 2.0.2.2017,STX-16803,RiLA600,600,0.618795,,/mnt/Rdata/OBS_data/asteroid/RiLA600_STX-16803_-_1bin/678FREDEGUNDIS_LIGHT_-_2023-10-17_-_RiLA600_STX-16803_-_1bin/master_files_ys/nightskyflat-R.fits,F,adu,5.987839163922,168.0,RA---TAN-SIP,DEC--TAN-SIP,deg,2048.5,2048.5,0.467947863525,12.8796531212,,,,,1.09616812148e-05,0.000172024354055,-0.000172002630766,1.09579611774e-05,True,5.71689963631524,7.352332071509586,1493.5704565680132,1269.0534267730554
26,/mnt/Rdata/OBS_data/asteroid/RiLA600_STX-16803_-_1bin/678FREDEGUNDIS_LIGHT_-_2023-10-17_-_RiLA600_STX-16803_-_1bin/reduced2/678FREDEGUNDIS_LIGHT_R_2023-10-17-11-49-07_210sec_RiLA600_STX-16803_15c_1bin.fit,67118400,True,-32,2,4096,4096,2023-11-08T13:42:40,LIGHT,210.0,210.0,2023-10-17T20:49:07.780,2023-10-17T11:49:07.780,1,1,0.0,9.0,9.0,SBIG STX-16803 3 CCD,0.0,15.53125,RiLA600,3000,5.0,0.37169173781933,12.7580041716091,31.9699991556015,98.0578229128338,1.88403523171412,East,0.0,37.308889,127.002,SBIG STX-16803 3 CCD,R,678FREDEGUNDIS,00 01 32,+12 45 14,0.0,NanoFocus,437231,437231,18.0,18.0,TOP-DOWN,2000.0,N.I.N.A. 2.0.2.2017,STX-16803,RiLA600,600,0.618795,,/mnt/Rdata/OBS_data/asteroid/RiLA600_STX-16803_-_1bin/678FREDEGUNDIS_LIGHT_-_2023-10-17_-_RiLA600_STX-16803_-_1bin/master_files_ys/nightskyflat-R.fits,F,adu,7.003801805305,177.0,RA---TAN,DEC--TAN,deg,2048.5,2048.5,0.4671044936679,12.87916082803,0.0001723701048415,0.0001723952910522,-86.34601071848,-86.35913864579,1.098530585188e-05,0.0001720473447088,-0.0001720196968327,1.09474908366e-05,True,5.7247653509142005,7.2693993852537275,1551.127542897946,1300.8782512342927
27,/mnt/Rdata/OBS_data/asteroid/RiLA600_STX-16803_-_1bin/678FREDEGUNDIS_LIGHT_-_2023-10-17_-_RiLA600_STX-16803_-_1bin/reduced2/678FREDEGUNDIS_LIGHT_R_2023-10-17-11-49-07_210sec_RiLA600_STX-16803_15c_1bin.fits,67207680,True,-32,2,4096,4096,2023-11-08T13:42:40,LIGHT,210.0,210.0,2023-10-17T20:49:07.780,2023-10-17T11:49:07.780,1,1,0.0,9.0,9.0,SBIG STX-16803 3 CCD,0.0,15.53125,RiLA600,3000,5.0,0.37169173781933,12.7580041716091,31.9699991556015,98.0578229128338,1.88403523171412,East,0.0,37.308889,127.002,SBIG STX-16803 3 CCD,R,678FREDEGUNDIS,00 01 32,+12 45 14,0.0,NanoFocus,437231,437231,18.0,18.0,TOP-DOWN,2000.0,N.I.N.A. 2.0.2.2017,STX-16803,RiLA600,600,0.618795,,/mnt/Rdata/OBS_data/asteroid/RiLA600_STX-16803_-_1bin/678FREDEGUNDIS_LIGHT_-_2023-10-17_-_RiLA600_STX-16803_-_1bin/master_files_ys/nightskyflat-R.fits,F,adu,7.003801805305,177.0,RA---TAN-SIP,DEC--TAN-SIP,deg,2048.5,2048.5,0.466941061216,12.8792626585,,,,,1.09539530679e-05,0.000172014586025,-0.000172011457969,1.09479200253e-05,True,5.714959403800198,7.275509213453795,1551.13242185094,1300.8892218803132
28,/mnt/Rdata/OBS_data/asteroid/RiLA600_STX-16803_-_1bin/678FREDEGUNDIS_LIGHT_-_2023-10-17_-_RiLA600_STX-16803_-_1bin/reduced2/678FREDEGUNDIS_LIGHT_R_2023-10-17-11-52-49_150sec_RiLA600_STX-16803_15c_1bin.fit,67118400,True,-32,2,4096,4096,2023-11-08T13:42:40,LIGHT,150.0,150.0,2023-10-17T20:52:49.467,2023-10-17T11:52:49.467,1,1,0.0,9.0,9.0,SBIG STX-16803 3 CCD,0.0,15.46875,RiLA600,3000,5.0,0.37098712482361,12.7587341098454,31.9709832879764,98.0575971950142,1.8839837420889,East,0.0,37.308889,127.002,SBIG STX-16803 3 CCD,R,678FREDEGUNDIS,00 01 32,+12 45 14,0.0,NanoFocus,437231,437231,18.12,18.12,TOP-DOWN,2000.0,N.I.N.A. 2.0.2.2017,STX-16803,RiLA600,600,0.618795,,/mnt/Rdata/OBS_data/asteroid/RiLA600_STX-16803_-_1bin/678FREDEGUNDIS_LIGHT_-_2023-10-17_-_RiLA600_STX-16803_-_1bin/master_files_ys/nightskyflat-R.fits,F,adu,6.00894417484,173.0,RA---TAN,DEC--TAN,deg,2048.5,2048.5,0.4660191820747,12.87863945915,0.0001723634795508,0.0001723726598636,-86.35355320066,-86.36294473222,1.096223952092e-05,0.0001720254859498,-0.0001720145295827,1.093462629282e-05,True,5.7019234350654,7.194320958275604,1610.0101259802111,1332.375091934932
29,/mnt/Rdata/OBS_data/asteroid/RiLA600_STX-16803_-_1bin/678FREDEGUNDIS_LIGHT_-_2023-10-17_-_RiLA600_STX-16803_-_1bin/reduced2/678FREDEGUNDIS_LIGHT_R_2023-10-17-11-52-49_150sec_RiLA600_STX-16803_15c_1bin.fits,67207680,True,-32,2,4096,4096,2023-11-08T13:42:40,LIGHT,150.0,150.0,2023-10-17T20:52:49.467,2023-10-17T11:52:49.467,1,1,0.0,9.0,9.0,SBIG STX-16803 3 CCD,0.0,15.46875,RiLA600,3000,5.0,0.37098712482361,12.7587341098454,31.9709832879764,98.0575971950142,1.8839837420889,East,0.0,37.308889,127.002,SBIG STX-16803 3 CCD,R,678FREDEGUNDIS,00 01 32,+12 45 14,0.0,NanoFocus,437231,437231,18.12,18.12,TOP-DOWN,2000.0,N.I.N.A. 2.0.2.2017,STX-16803,RiLA600,600,0.618795,,/mnt/Rdata/OBS_data/asteroid/RiLA600_STX-16803_-_1bin/678FREDEGUNDIS_LIGHT_-_2023-10-17_-_RiLA600_STX-16803_-_1bin/master_files_ys/nightskyflat-R.fits,F,adu,6.00894417484,173.0,RA---TAN-SIP,DEC--TAN-SIP,deg,2048.5,2048.5,0.465921049281,12.8787283994,,,,,1.09557283966e-05,0.000172035489391,-0.000172023861473,1.09415898984e-05,True,5.696035467443398,7.19965737327616,1610.0113046827805,1332.3828990532004
30,/mnt/Rdata/OBS_data/asteroid/RiLA600_STX-16803_-_1bin/678FREDEGUNDIS_LIGHT_-_2023-10-17_-_RiLA600_STX-16803_-_1bin/reduced2/678FREDEGUNDIS_LIGHT_R_2023-10-17-11-55-31_210sec_RiLA600_STX-16803_15c_1bin.fit,67118400,True,-32,2,4096,4096,2023-11-08T13:42:40,LIGHT,210.0,210.0,2023-10-17T20:55:31.151,2023-10-17T11:55:31.151,1,1,0.0,9.0,9.0,SBIG STX-16803 3 CCD,0.0,15.5,RiLA600,3000,5.0,0.370072625948646,12.7596540270419,31.9722564105458,98.057340559633,1.88391713752636,East,0.0,37.308889,127.002,SBIG STX-16803 3 CCD,R,678FREDEGUNDIS,00 01 32,+12 45 14,0.0,NanoFocus,437231,437231,18.15,18.15,TOP-DOWN,2000.0,N.I.N.A. 2.0.2.2017,STX-16803,RiLA600,600,0.618795,,/mnt/Rdata/OBS_data/asteroid/RiLA600_STX-16803_-_1bin/678FREDEGUNDIS_LIGHT_-_2023-10-17_-_RiLA600_STX-16803_-_1bin/master_files_ys/nightskyflat-R.fits,F,adu,6.45073727526,183.0,RA---TAN,DEC--TAN,deg,2048.5,2048.5,0.4650419223921,12.87804252358,0.0001723630322074,0.0001723778188314,-86.35740019857,-86.36257159128,1.095066154167e-05,0.0001720305633091,-0.0001720148187905,1.093607391274e-05,True,5.698157786607242,7.1033097922863675,1670.2269330535273,1363.4671332127944
31,/mnt/Rdata/OBS_data/asteroid/RiLA600_STX-16803_-_1bin/678FREDEGUNDIS_LIGHT_-_2023-10-17_-_RiLA600_STX-16803_-_1bin/reduced2/678FREDEGUNDIS_LIGHT_R_2023-10-17-11-55-31_210sec_RiLA600_STX-16803_15c_1bin.fits,67207680,True,-32,2,4096,4096,2023-11-08T13:42:40,LIGHT,210.0,210.0,2023-10-17T20:55:31.151,2023-10-17T11:55:31.151,1,1,0.0,9.0,9.0,SBIG STX-16803 3 CCD,0.0,15.5,RiLA600,3000,5.0,0.370072625948646,12.7596540270419,31.9722564105458,98.057340559633,1.88391713752636,East,0.0,37.308889,127.002,SBIG STX-16803 3 CCD,R,678FREDEGUNDIS,00 01 32,+12 45 14,0.0,NanoFocus,437231,437231,18.15,18.15,TOP-DOWN,2000.0,N.I.N.A. 2.0.2.2017,STX-16803,RiLA600,600,0.618795,,/mnt/Rdata/OBS_data/asteroid/RiLA600_STX-16803_-_1bin/678FREDEGUNDIS_LIGHT_-_2023-10-17_-_RiLA600_STX-16803_-_1bin/master_files_ys/nightskyflat-R.fits,F,adu,6.45073727526,183.0,RA---TAN-SIP,DEC--TAN-SIP,deg,2048.5,2048.5,0.464901076716,12.8781464827,,,,,1.0944365803e-05,0.000172033815599,-0.000172011132441,1.09340886402e-05,True,5.689707046041241,7.109547339486184,1670.230488239335,1363.477260400903
32,/mnt/Rdata/OBS_data/asteroid/RiLA600_STX-16803_-_1bin/678FREDEGUNDIS_LIGHT_-_2023-10-17_-_RiLA600_STX-16803_-_1bin/reduced2/678FREDEGUNDIS_LIGHT_R_2023-10-17-11-59-12_150sec_RiLA600_STX-16803_15c_1bin.fit,67118400,True,-32,2,4096,4096,2023-11-08T13:42:41,LIGHT,150.0,150.0,2023-10-17T20:59:12.859,2023-10-17T11:59:12.859,1,1,0.0,9.0,9.0,SBIG STX-16803 3 CCD,0.0,15.59375,RiLA600,3000,5.0,0.369293055043915,12.7603439662438,31.9732055097696,98.0571722466515,1.88386748819124,East,0.0,37.308889,127.002,SBIG STX-16803 3 CCD,R,678FREDEGUNDIS,00 01 32,+12 45 14,0.0,NanoFocus,437231,437231,18.25,18.25,TOP-DOWN,2000.0,N.I.N.A. 2.0.2.2017,STX-16803,RiLA600,600,0.618795,,/mnt/Rdata/OBS_data/asteroid/RiLA600_STX-16803_-_1bin/678FREDEGUNDIS_LIGHT_-_2023-10-17_-_RiLA600_STX-16803_-_1bin/master_files_ys/nightskyflat-R.fits,F,adu,5.689017898916,172.0,RA---TAN,DEC--TAN,deg,2048.5,2048.5,0.4639952748916,12.87764309147,0.0001723716951773,0.0001723701336292,-86.36202895905,-86.36566295724,1.093731460779e-05,0.0001720234833626,-0.0001720243484146,1.092630491696e-05,True,5.682133190861097,7.037947513572327,1731.8186377402528,1394.1963910905436
33,/mnt/Rdata/OBS_data/asteroid/RiLA600_STX-16803_-_1bin/678FREDEGUNDIS_LIGHT_-_2023-10-17_-_RiLA600_STX-16803_-_1bin/reduced2/678FREDEGUNDIS_LIGHT_R_2023-10-17-11-59-12_150sec_RiLA600_STX-16803_15c_1bin.fits,67207680,True,-32,2,4096,4096,2023-11-08T13:42:41,LIGHT,150.0,150.0,2023-10-17T20:59:12.859,2023-10-17T11:59:12.859,1,1,0.0,9.0,9.0,SBIG STX-16803 3 CCD,0.0,15.59375,RiLA600,3000,5.0,0.369293055043915,12.7603439662438,31.9732055097696,98.0571722466515,1.88386748819124,East,0.0,37.308889,127.002,SBIG STX-16803 3 CCD,R,678FREDEGUNDIS,00 01 32,+12 45 14,0.0,NanoFocus,437231,437231,18.25,18.25,TOP-DOWN,2000.0,N.I.N.A. 2.0.2.2017,STX-16803,RiLA600,600,0.618795,,/mnt/Rdata/OBS_data/asteroid/RiLA600_STX-16803_-_1bin/678FREDEGUNDIS_LIGHT_-_2023-10-17_-_RiLA600_STX-16803_-_1bin/master_files_ys/nightskyflat-R.fits,F,adu,5.689017898916,172.0,RA---TAN-SIP,DEC--TAN-SIP,deg,2048.5,2048.5,0.463878455431,12.877751298,,,,,1.09312839895e-05,0.000172024149228,-0.000172011249138,1.09257004446e-05,True,5.675124023225098,7.04443990537154,1731.820285041927,1394.2057698641154
34,/mnt/Rdata/OBS_data/asteroid/RiLA600_STX-16803_-_1bin/678FREDEGUNDIS_LIGHT_-_2023-10-17_-_RiLA600_STX-16803_-_1bin/reduced2/678FREDEGUNDIS_LIGHT_R_2023-10-17-12-01-54_210sec_RiLA600_STX-16803_15c_1bin.fit,67118400,True,-32,2,4096,4096,2023-11-08T13:42:41,LIGHT,210.0,210.0,2023-10-17T21:01:54.608,2023-10-17T12:01:54.608,1,1,0.0,9.0,9.0,SBIG STX-16803 3 CCD,0.0,15.65625,RiLA600,3000,5.0,0.36843852214541,12.761203885152,31.9744434025333,98.0569438077701,1.88380273615856,East,0.0,37.308889,127.002,SBIG STX-16803 3 CCD,R,678FREDEGUNDIS,00 01 32,+12 45 14,0.0,NanoFocus,437231,437231,18.22,18.22,TOP-DOWN,2000.0,N.I.N.A. 2.0.2.2017,STX-16803,RiLA600,600,0.618795,,/mnt/Rdata/OBS_data/asteroid/RiLA600_STX-16803_-_1bin/678FREDEGUNDIS_LIGHT_-_2023-10-17_-_RiLA600_STX-16803_-_1bin/master_files_ys/nightskyflat-R.fits,F,adu,6.316869694969,183.0,RA---TAN,DEC--TAN,deg,2048.5,2048.5,0.4630631510721,12.87707392667,0.0001722910890079,0.0001723778676129,-86.37428044695,-86.36663520527,1.089543318295e-05,0.0001720313871839,-0.0001719462383633,1.092387597665e-05,True,5.6774777356014,6.952202491079618,1794.8563234620385,1424.485823823917
35,/mnt/Rdata/OBS_data/asteroid/RiLA600_STX-16803_-_1bin/678FREDEGUNDIS_LIGHT_-_2023-10-17_-_RiLA600_STX-16803_-_1bin/reduced2/678FREDEGUNDIS_LIGHT_R_2023-10-17-12-01-54_210sec_RiLA600_STX-16803_15c_1bin.fits,67207680,True,-32,2,4096,4096,2023-11-08T13:42:41,LIGHT,210.0,210.0,2023-10-17T21:01:54.608,2023-10-17T12:01:54.608,1,1,0.0,9.0,9.0,SBIG STX-16803 3 CCD,0.0,15.65625,RiLA600,3000,5.0,0.36843852214541,12.761203885152,31.9744434025333,98.0569438077701,1.88380273615856,East,0.0,37.308889,127.002,SBIG STX-16803 3 CCD,R,678FREDEGUNDIS,00 01 32,+12 45 14,0.0,NanoFocus,437231,437231,18.22,18.22,TOP-DOWN,2000.0,N.I.N.A. 2.0.2.2017,STX-16803,RiLA600,600,0.618795,,/mnt/Rdata/OBS_data/asteroid/RiLA600_STX-16803_-_1bin/678FREDEGUNDIS_LIGHT_-_2023-10-17_-_RiLA600_STX-16803_-_1bin/master_files_ys/nightskyflat-R.fits,F,adu,6.316869694969,183.0,RA---TAN-SIP,DEC--TAN-SIP,deg,2048.5,2048.5,0.463001246924,12.8770918658,,,,,1.0933297086e-05,0.00017203103668,-0.000172014611208,1.09087002e-05,True,5.6737634867154005,6.953278838879839,1794.8600139436587,1424.488977918022
36,/mnt/Rdata/OBS_data/asteroid/RiLA600_STX-16803_-_1bin/678FREDEGUNDIS_LIGHT_-_2023-10-17_-_RiLA600_STX-16803_-_1bin/reduced2/678FREDEGUNDIS_LIGHT_R_2023-10-17-12-05-36_150sec_RiLA600_STX-16803_15c_1bin.fit,67118400,True,-32,2,4096,4096,2023-11-08T13:42:41,LIGHT,150.0,150.0,2023-10-17T21:05:36.282,2023-10-17T12:05:36.282,1,1,0.0,9.0,9.0,SBIG STX-16803 3 CCD,0.0,15.65625,RiLA600,3000,5.0,0.367688934388763,12.7618638257025,31.9754341449472,98.0568252984225,1.88375091595638,East,0.0,37.308889,127.002,SBIG STX-16803 3 CCD,R,678FREDEGUNDIS,00 01 32,+12 45 14,0.0,NanoFocus,437231,437231,18.14,18.14,TOP-DOWN,2000.0,N.I.N.A. 2.0.2.2017,STX-16803,RiLA600,600,0.618795,,/mnt/Rdata/OBS_data/asteroid/RiLA600_STX-16803_-_1bin/678FREDEGUNDIS_LIGHT_-_2023-10-17_-_RiLA600_STX-16803_-_1bin/master_files_ys/nightskyflat-R.fits,F,adu,6.521633878213,162.0,RA---TAN,DEC--TAN,deg,2048.5,2048.5,0.4620908575852,12.87647299045,0.0001723685049283,0.0001723782265597,-86.3684994181,-86.37233274865,1.091768562043e-05,0.0001720328308409,-0.0001720223986344,1.090679167966e-05,True,5.664115391786222,6.87654988484983,1859.3390319341943,1454.3414048169686
37,/mnt/Rdata/OBS_data/asteroid/RiLA600_STX-16803_-_1bin/678FREDEGUNDIS_LIGHT_-_2023-10-17_-_RiLA600_STX-16803_-_1bin/reduced2/678FREDEGUNDIS_LIGHT_R_2023-10-17-12-05-36_150sec_RiLA600_STX-16803_15c_1bin.fits,67207680,True,-32,2,4096,4096,2023-11-08T13:42:41,LIGHT,150.0,150.0,2023-10-17T21:05:36.282,2023-10-17T12:05:36.282,1,1,0.0,9.0,9.0,SBIG STX-16803 3 CCD,0.0,15.65625,RiLA600,3000,5.0,0.367688934388763,12.7618638257025,31.9754341449472,98.0568252984225,1.88375091595638,East,0.0,37.308889,127.002,SBIG STX-16803 3 CCD,R,678FREDEGUNDIS,00 01 32,+12 45 14,0.0,NanoFocus,437231,437231,18.14,18.14,TOP-DOWN,2000.0,N.I.N.A. 2.0.2.2017,STX-16803,RiLA600,600,0.618795,,/mnt/Rdata/OBS_data/asteroid/RiLA600_STX-16803_-_1bin/678FREDEGUNDIS_LIGHT_-_2023-10-17_-_RiLA600_STX-16803_-_1bin/master_files_ys/nightskyflat-R.fits,F,adu,6.521633878213,162.0,RA---TAN-SIP,DEC--TAN-SIP,deg,2048.5,2048.5,0.461957234757,12.876541735,,,,,1.09072702866e-05,0.000172010872644,-0.00017202102052,1.09091078535e-05,True,5.656098022094222,6.880674557850206,1859.345198642452,1454.349550016798
38,/mnt/Rdata/OBS_data/asteroid/RiLA600_STX-16803_-_1bin/678FREDEGUNDIS_LIGHT_-_2023-10-17_-_RiLA600_STX-16803_-_1bin/reduced2/678FREDEGUNDIS_LIGHT_R_2023-10-17-12-08-17_210sec_RiLA600_STX-16803_15c_1bin.fit,67118400,True,-32,2,4096,4096,2023-11-08T13:42:42,LIGHT,210.0,210.0,2023-10-17T21:08:17.948,2023-10-17T12:08:17.948,1,1,0.0,9.0,9.0,SBIG STX-16803 3 CCD,0.0,15.59375,RiLA600,3000,5.0,0.366759443559311,12.7626237479492,31.97660197799,98.056711693598,1.88368983749618,East,0.0,37.308889,127.002,SBIG STX-16803 3 CCD,R,678FREDEGUNDIS,00 01 32,+12 45 14,0.0,NanoFocus,437231,437231,18.22,18.22,TOP-DOWN,2000.0,N.I.N.A. 2.0.2.2017,STX-16803,RiLA600,600,0.618795,,/mnt/Rdata/OBS_data/asteroid/RiLA600_STX-16803_-_1bin/678FREDEGUNDIS_LIGHT_-_2023-10-17_-_RiLA600_STX-16803_-_1bin/master_files_ys/nightskyflat-R.fits,F,adu,6.682212189924,182.0,RA---TAN,DEC--TAN,deg,2048.5,2048.5,0.4607942655581,12.87606026941,0.0001723612001821,0.0001723725315024,-86.3658027063,-86.37621254488,1.092531908054e-05,0.0001720278853318,-0.0001720145945296,1.08947824586e-05,True,5.642089319927339,6.806191287648211,1925.3486241951437,1483.7480995362932
39,/mnt/Rdata/OBS_data/asteroid/RiLA600_STX-16803_-_1bin/678FREDEGUNDIS_LIGHT_-_2023-10-17_-_RiLA600_STX-16803_-_1bin/reduced2/678FREDEGUNDIS_LIGHT_R_2023-10-17-12-08-17_210sec_RiLA600_STX-16803_15c_1bin.fits,67207680,True,-32,2,4096,4096,2023-11-08T13:42:42,LIGHT,210.0,210.0,2023-10-17T21:08:17.948,2023-10-17T12:08:17.948,1,1,0.0,9.0,9.0,SBIG STX-16803 3 CCD,0.0,15.59375,RiLA600,3000,5.0,0.366759443559311,12.7626237479492,31.97660197799,98.056711693598,1.88368983749618,East,0.0,37.308889,127.002,SBIG STX-16803 3 CCD,R,678FREDEGUNDIS,00 01 32,+12 45 14,0.0,NanoFocus,437231,437231,18.22,18.22,TOP-DOWN,2000.0,N.I.N.A. 2.0.2.2017,STX-16803,RiLA600,600,0.618795,,/mnt/Rdata/OBS_data/asteroid/RiLA600_STX-16803_-_1bin/678FREDEGUNDIS_LIGHT_-_2023-10-17_-_RiLA600_STX-16803_-_1bin/master_files_ys/nightskyflat-R.fits,F,adu,6.682212189924,182.0,RA---TAN-SIP,DEC--TAN-SIP,deg,2048.5,2048.5,0.460680666632,12.8761561461,,,,,1.09103804301e-05,0.000172027298325,-0.000172023789812,1.09029605227e-05,True,5.635273384361341,6.811943889048031,1925.351543456817,1483.7567412485078
